A034020,두산에너빌리티,KOSPI,"26,750",950,3.43%,"27,000","27,000","23,800","10,488,411","265,054,032,100",N
A042660,한화오션,KOSPI,"80,400","1,500",1.90%,"80,300","82,100","79,000","1,827,821","148,122,690,100",N
A272210,한화시스템,KOSPI,"44,150","2,450",5.88%,"41,900","44,200","41,850","2,420,143","103,770,724,550",N
A000660,SK하이닉스,KOSPI,"189,700","3,700",1.99%,"186,000","190,000","184,300","431,376","80,977,616,000",N
A005930,삼성전자,KOSPI,"54,700",400,0.74%,"54,500","55,000","54,400","1,278,311","69,840,893,350",N
A012450,한화에어로스페이스,KOSPI,"836,000","18,000",2.20%,"820,000","844,000","809,000","49,873","41,579,201,500",N
A003490,대한항공,KOSPI,"22,800","1,800",8.57%,"21,300","22,950","21,300","1,726,382","38,577,074,950",N
A196170,알테오젠,KOSDAQ,"352,500","4,000",1.12%,"355,000","357,500","340,000","108,427","37,541,282,500",N
A329180,HD현대중공업,KOSPI,"416,500","8,000",1.96%,"531,000","531,000","404,500","85,387","36,115,884,500",N
A064350,현대로템,KOSPI,"114,800","3,300",2.96%,"112,200","117,000","111,900","286,663","33,060,117,900",N
A347850,디앤디파마텍,KOSDAQ,"75,600",200,0.27%,"73,500","78,400","72,100","391,355","29,866,333,750",N
A083650,비에이치아이,KOSDAQ,"29,300",800,2.81%,"27,450","29,450","25,800","989,576","27,187,830,350",N
A439580,블루엠텍,KOSDAQ,"17,990",440,2.51%,"17,300","18,620","17,140","1,246,668","22,298,204,160",N
A298380,에이비엘바이오,KOSDAQ,"63,700","4,100",6.05%,"67,000","68,000","63,300","327,513","21,274,806,500",N
A042700,한미반도체,KOSPI,"78,600","2,300",3.01%,"76,500","79,000","76,300","268,879","20,962,972,700",N
A010140,삼성중공업,KOSPI,"14,810",200,1.37%,"14,760","14,960","14,650","1,398,684","20,732,974,630",N
A015760,한국전력,KOSPI,"26,450",850,3.32%,"25,550","26,500","25,550","762,768","19,979,665,375",N
A013990,아가방컴퍼니,KOSDAQ,"7,300",100,1.39%,"7,460","7,740","7,200","2,597,822","19,640,502,665",N
A047810,한국항공우주,KOSPI,"87,100","1,800",2.11%,"87,500","88,800","86,100","221,120","19,272,192,400",N
A063170,서울옥션,KOSDAQ,"8,370",340,4.23%,"8,170","8,950","8,030","2,234,415","19,091,905,475",N
A052400,코나아이,KOSDAQ,"38,400","2,250",6.22%,"36,550","39,750","36,550","455,053","17,405,775,425",N
A068270,셀트리온,KOSPI,"158,900","3,500",2.16%,"162,000","162,000","156,600","106,212","16,863,370,100",N
A098460,고영,KOSDAQ,"14,220",170,1.18%,"14,390","14,800","14,220","1,140,889","16,586,196,890",N
A009830,한화솔루션,KOSPI,"30,150",150,0.50%,"30,300","31,000","30,050","536,639","16,371,918,475",N
A052690,한전기술,KOSPI,"62,200","3,800",5.76%,"63,100","65,800","55,900","251,846","15,044,290,450",N
A005490,POSCO홀딩스,KOSPI,"262,500","7,000",2.74%,"256,500","265,500","255,000","56,360","14,781,273,250",N
A003230,삼양식품,KOSPI,"941,000","47,000",4.76%,"990,000","990,000","929,000","14,931","14,233,009,000",N
A079550,LIG넥스원,KOSPI,"336,500","6,500",1.97%,"331,000","347,000","331,000","40,938","13,923,235,000",N
A393890,더블유씨피,KOSDAQ,"9,680",280,2.98%,"9,380","9,930","9,310","1,420,828","13,692,546,300",N
A007660,이수페타시스,KOSPI,"36,600",100,0.27%,"36,900","37,700","36,400","366,994","13,590,670,550",N
A009540,HD한국조선해양,KOSPI,"280,000","2,500",0.90%,"277,500","288,000","276,000","45,829","12,886,101,500",N
A000150,두산,KOSPI,"326,000","7,500",2.25%,"330,000","338,000","322,500","38,226","12,499,609,750",N
A267260,HD현대일렉트릭,KOSPI,"328,500","5,500",1.70%,"325,000","334,500","321,500","37,739","12,376,786,750",N
A161000,애경케미칼,KOSPI,"11,290",60,0.53%,"11,200","11,680","10,970","1,087,556","12,346,660,295",N
A226950,올릭스,KOSDAQ,"48,450","3,550",6.83%,"50,900","52,000","47,800","235,505","11,674,131,325",N
A207940,삼성바이오로직스,KOSPI,"1,052,500","32,500",3%,"1,077,000","1,078,000","1,037,000","10,926","11,485,255,000",N
A002390,한독,KOSPI,"13,670","2,060",17.74%,"11,800","14,850","11,680","816,931","11,451,035,165",N
A087010,펩트론,KOSDAQ,"165,500","4,800",2.82%,"170,300","170,300","162,100","66,033","10,934,237,800",N
A000100,유한양행,KOSPI,"110,400","3,100",2.73%,"112,700","113,500","109,700","95,544","10,627,850,800",N
A437730,삼현,KOSDAQ,"13,790",600,4.55%,"13,190","14,130","13,190","765,180","10,625,806,520",N
A010620,HD현대미포,KOSPI,"171,400",700,0.41%,"173,800","174,200","170,900","60,795","10,482,527,800",N
A005380,현대차,KOSPI,"187,400","2,000",1.06%,"188,100","189,800","187,000","53,464","10,077,257,750",N
A082740,한화엔진,KOSPI,"27,900",150,0.54%,"28,000","28,250","27,600","348,874","9,755,190,800",N
A035420,NAVER,KOSPI,"200,500","3,100",1.57%,"198,000","202,000","197,700","45,830","9,161,500,000",N
A010120,LS ELECTRIC,KOSPI,"211,000",500,0.24%,"211,500","214,000","207,000","42,286","8,913,738,750",N
A476060,온코닉테라퓨틱스,KOSDAQ,"22,900",400,1.78%,"21,750","23,350","20,800","401,851","8,862,277,525",N
A035900,JYP Ent.,KOSDAQ,"69,300","1,500",2.12%,"70,600","71,600","68,700","122,423","8,578,466,650",N
A489790,한화비전,KOSPI,"58,900","1,000",1.67%,"60,200","60,200","58,500","140,802","8,326,309,750",N
A025950,동신건설,KOSDAQ,"44,050",500,1.15%,"45,000","46,200","43,550","184,179","8,290,638,000",N
A017670,SK텔레콤,KOSPI,"53,600",100,0.19%,"53,700","54,000","53,300","154,047","8,272,409,700",N
A062040,산일전기,KOSPI,"58,000",400,0.69%,"58,300","60,200","57,800","140,146","8,262,265,800",N
A028300,HLB,KOSDAQ,"58,100",700,1.22%,"57,400","58,200","56,000","142,864","8,174,363,500",N
A084690,대상홀딩스,KOSPI,"9,560","1,090",10.23%,"7,460","9,900","7,460","831,494","7,705,676,135",N
A141080,리가켐바이오,KOSDAQ,"101,800","6,400",5.91%,"106,500","106,500","99,000","73,907","7,599,524,950",N
A082270,젬백스,KOSDAQ,"37,200","1,700",4.79%,"35,500","37,750","34,200","204,679","7,366,912,325",N
A000720,현대건설,KOSPI,"42,400","1,600",3.92%,"39,550","42,450","39,500","173,631","7,125,948,025",N
A000250,삼천당제약,KOSDAQ,"136,100","5,900",4.15%,"140,700","140,700","132,100","52,080","7,124,380,750",N
A086520,에코프로,KOSDAQ,"49,350",850,1.69%,"49,950","50,700","49,300","141,835","7,061,257,750",N
A352820,하이브,KOSPI,"264,500",0,0%,"260,000","267,500","260,000","25,711","6,795,981,000",N
A247540,에코프로비엠,KOSDAQ,"101,100","3,400",3.25%,"104,400","105,100","101,000","65,726","6,728,379,000",N
A130660,한전산업,KOSPI,"10,920",800,6.83%,"10,800","11,410","10,150","632,513","6,658,883,780",N
A035720,카카오,KOSPI,"38,400",350,0.92%,"38,300","38,450","37,850","169,177","6,456,271,500",N
A348370,엔켐,KOSDAQ,"71,900","6,500",8.29%,"77,100","78,300","71,400","84,769","6,344,014,250",N
A257720,실리콘투,KOSDAQ,"36,600",350,0.95%,"37,000","38,050","36,600","168,464","6,282,241,425",N
A373220,LG에너지솔루션,KOSPI,"321,500","1,000",0.31%,"320,500","324,000","320,000","19,360","6,237,097,500",N
A326030,SK바이오팜,KOSPI,"100,000","7,400",6.89%,"106,600","106,600","99,200","56,911","5,789,360,500",N
A006400,삼성SDI,KOSPI,"172,500","1,100",0.63%,"174,300","176,100","172,100","32,908","5,721,436,300",N
A000270,기아,KOSPI,"88,200","1,200",1.34%,"89,500","89,900","88,000","62,112","5,511,608,250",N
A071970,HD현대마린엔진,KOSPI,"37,950",300,0.80%,"37,800","38,700","37,600","139,957","5,330,475,650",N
A090430,아모레퍼시픽,KOSPI,"123,000","2,600",2.07%,"125,700","127,000","123,000","42,726","5,327,087,450",N
A005690,파미셀,KOSPI,"11,220",380,3.28%,"11,600","11,860","11,110","440,440","5,067,752,315",N
A007390,네이처셀,KOSDAQ,"27,050",650,2.35%,"28,000","28,000","27,000","179,697","4,904,195,450",N
A051910,LG화학,KOSPI,"208,500","1,500",0.71%,"208,500","212,000","208,000","22,850","4,799,076,750",N
A316140,우리금융지주,KOSPI,"18,000",280,1.58%,"17,790","18,040","17,720","265,130","4,752,541,295",N
A277810,레인보우로보틱스,KOSDAQ,"274,000","1,500",0.55%,"272,500","275,000","271,000","17,161","4,689,858,750",N
A310210,보로노이,KOSDAQ,"91,800","6,400",6.52%,"97,500","97,500","90,000","49,601","4,583,760,050",N
A112040,위메이드,KOSDAQ,"24,950","1,300",5.50%,"23,850","25,550","23,300","184,768","4,561,346,750",N
A475960,토모큐브,KOSDAQ,"19,400",20,0.10%,"19,420","19,490","18,550","232,006","4,418,831,700",N
A045660,에이텍,KOSDAQ,"27,000",950,3.65%,"32,800","32,800","26,050","160,767","4,418,195,000",N
A443060,HD현대마린솔루션,KOSPI,"156,300","3,300",2.16%,"154,100","157,600","153,600","26,067","4,064,151,400",N
A103590,일진전기,KOSPI,"26,300",100,0.38%,"26,250","26,850","26,050","147,991","3,922,642,425",N
A278470,에이피알,KOSPI,"74,700","1,500",1.97%,"76,500","77,100","73,300","51,870","3,893,019,900",N
A103140,풍산,KOSPI,"60,200","1,300",2.21%,"60,700","60,700","59,200","63,312","3,803,713,700",N
A086790,하나금융지주,KOSPI,"65,800","1,700",2.65%,"64,200","65,800","63,900","57,143","3,727,576,850",N
A024060,흥구석유,KOSDAQ,"11,650",470,3.88%,"12,330","13,650","11,630","270,607","3,354,873,245",N
A215600,신라젠,KOSDAQ,"3,240",0,0%,"3,240","3,300","3,085","1,037,081","3,314,384,001",N
A018290,브이티,KOSDAQ,"37,050","1,300",3.39%,"38,350","38,450","36,900","88,326","3,312,636,625",N
A030200,KT,KOSPI,"53,400",100,0.19%,"53,500","54,200","53,000","60,278","3,238,713,450",N
A204620,글로벌텍스프리,KOSDAQ,"5,780",220,3.96%,"5,560","5,910","5,560","553,401","3,199,420,940",N
A323410,카카오뱅크,KOSPI,"23,100","1,000",4.52%,"22,700","23,100","22,100","140,658","3,186,327,200",N
A105560,KB금융,KOSPI,"94,100",900,0.97%,"93,200","94,800","92,600","33,944","3,183,265,450",N
A009150,삼성전기,KOSPI,"118,900","1,300",1.11%,"117,400","119,400","117,400","26,442","3,137,845,050",N
A145020,휴젤,KOSDAQ,"360,000","12,000",3.23%,"369,500","371,500","354,000","8,504","3,060,955,000",N
A095700,제넥신,KOSDAQ,"4,780",230,5.05%,"4,960","5,440","4,530","594,573","3,043,321,685",N
A128940,한미약품,KOSPI,"259,000","6,500",2.45%,"262,000","262,000","256,500","11,730","3,031,933,250",N
A259960,크래프톤,KOSPI,"387,000","2,000",0.52%,"385,000","391,000","381,500","7,760","3,007,555,250",N
A466100,클로봇,KOSDAQ,"18,330",140,0.76%,"18,400","18,510","18,130","158,994","2,909,804,615",N
A457550,우진엔텍,KOSDAQ,"17,460","1,130",6.08%,"17,800","17,800","16,650","169,643","2,871,523,390",N
A178320,서진시스템,KOSDAQ,"21,650","1,050",5.10%,"20,800","21,700","20,650","135,436","2,866,937,150",N
A450080,에코프로머티,KOSPI,"54,700",0,0%,"54,700","55,500","53,500","52,060","2,840,342,850",N
A037270,YG PLUS,KOSPI,"5,420",160,2.87%,"5,640","5,640","5,350","518,203","2,816,163,100",N
A003670,포스코퓨처엠,KOSPI,"122,900","2,000",1.60%,"125,000","126,700","122,800","22,260","2,765,371,300",N
A042000,카페24,KOSDAQ,"59,800","2,600",4.17%,"62,400","63,000","59,000","44,906","2,739,121,500",N
A006800,미래에셋증권,KOSPI,"12,210",240,2.01%,"12,100","12,280","11,740","223,679","2,705,318,460",N
A011200,HMM,KOSPI,"18,520",270,1.48%,"18,660","18,660","18,160","146,471","2,692,641,020",N
A328130,루닛,KOSDAQ,"51,800","1,100",2.08%,"52,900","53,300","51,200","50,538","2,641,790,500",N
A047050,포스코인터내셔널,KOSPI,"49,400",600,1.23%,"48,750","49,700","48,500","53,407","2,633,418,250",N
A161580,필옵틱스,KOSDAQ,"31,600",950,3.10%,"30,650","31,650","30,650","83,916","2,620,872,450",N
A008770,호텔신라,KOSPI,"44,700",800,1.82%,"43,550","45,050","43,550","57,633","2,575,299,475",N
A051600,한전KPS,KOSPI,"42,250","1,050",2.42%,"42,400","42,550","41,000","60,080","2,496,459,700",N
A195940,HK이노엔,KOSDAQ,"39,550",600,1.49%,"40,050","40,050","39,350","62,612","2,481,316,500",N
A006260,LS,KOSPI,"128,800","1,800",1.42%,"125,700","131,900","125,700","18,899","2,457,697,550",N
A016360,삼성증권,KOSPI,"53,800","1,200",2.28%,"52,900","53,900","52,500","45,820","2,441,180,100",N
A267250,HD현대,KOSPI,"79,300","1,400",1.80%,"77,900","79,700","77,900","30,687","2,426,093,750",N
A462870,시프트업,KOSPI,"57,200","1,800",3.25%,"56,700","57,700","56,100","41,785","2,380,019,550",N
A032640,LG유플러스,KOSPI,"12,290",100,0.82%,"12,160","12,450","12,160","190,154","2,346,419,900",N
A050890,쏠리드,KOSDAQ,"7,380",160,2.22%,"7,210","7,400","7,210","316,505","2,324,042,995",N
A036930,주성엔지니어링,KOSDAQ,"34,400",350,1.03%,"34,050","34,900","33,850","67,033","2,313,513,675",N
A304100,솔트룩스,KOSDAQ,"30,450",350,1.16%,"30,200","30,750","30,100","74,778","2,270,211,900",N
A200350,아티스트스튜디오,KOSDAQ,"16,900",210,1.26%,"17,050","17,460","16,100","132,863","2,233,905,650",N
A066570,LG전자,KOSPI,"71,300",700,0.99%,"70,600","72,000","70,600","30,835","2,203,553,300",N
A065450,빅텍,KOSDAQ,"4,265",185,4.53%,"5,300","5,300","4,090","512,782","2,202,034,915",N
A298040,효성중공업,KOSPI,"509,000","2,000",0.39%,"500,000","524,000","500,000","4,222","2,158,297,500",N
A086280,현대글로비스,KOSPI,"105,400","2,100",1.95%,"107,700","108,000","105,400","20,132","2,143,494,150",N
A214420,토니모리,KOSPI,"9,140",140,1.51%,"9,340","9,490","9,070","229,686","2,137,067,410",N
A457190,이수스페셜티케미컬,KOSPI,"41,550","1,800",4.15%,"43,350","43,750","41,550","48,749","2,076,007,900",N
A047040,대우건설,KOSPI,"3,520",80,2.22%,"3,510","3,595","3,325","605,664","2,073,389,922",N
A075580,세진중공업,KOSPI,"9,260",410,4.63%,"8,910","9,300","8,890","225,534","2,062,197,480",N
A119850,지엔씨에너지,KOSDAQ,"23,500",500,2.17%,"23,000","24,100","22,700","85,629","2,013,971,025",N
A000880,한화,KOSPI,"49,050",150,0.31%,"48,900","49,550","48,600","40,721","2,001,989,100",N
A108490,로보티즈,KOSDAQ,"35,850","1,750",5.13%,"34,650","35,900","33,900","56,963","1,979,538,000",N
A022100,포스코DX,KOSPI,"24,450",150,0.62%,"24,400","24,750","24,200","77,754","1,902,776,100",N
A358570,지아이이노베이션,KOSDAQ,"14,300",110,0.76%,"14,850","14,850","13,920","133,934","1,902,506,275",N
A006910,보성파워텍,KOSDAQ,"2,800",185,6.20%,"2,675","2,815","2,530","690,110","1,874,836,218",N
A237690,에스티팜,KOSDAQ,"75,900","3,000",3.80%,"78,200","78,200","74,800","24,471","1,863,441,000",N
A041510,에스엠,KOSDAQ,"126,500","1,000",0.78%,"126,500","129,600","125,100","14,160","1,797,657,200",N
A055550,신한지주,KOSPI,"51,800",600,1.17%,"52,000","52,500","51,100","34,319","1,774,218,950",N
A234690,녹십자웰빙,KOSDAQ,"8,870",530,5.64%,"9,770","9,950","8,810","189,834","1,768,218,930",N
A263750,펄어비스,KOSDAQ,"36,600","1,200",3.39%,"36,500","37,450","36,100","48,124","1,762,930,350",N
A097230,HJ중공업,KOSPI,"7,760",20,0.26%,"7,850","7,890","7,670","221,200","1,722,392,830",N
A089030,테크윙,KOSDAQ,"34,800",400,1.16%,"34,300","34,950","34,200","48,161","1,666,491,150",N
A036460,한국가스공사,KOSPI,"38,250",0,0%,"38,300","38,700","38,250","42,654","1,637,658,725",N
A253450,스튜디오드래곤,KOSDAQ,"51,900",300,0.57%,"53,000","53,000","49,950","32,021","1,629,367,850",N
A011790,SKC,KOSPI,"100,700",900,0.89%,"101,600","102,500","100,300","15,690","1,589,699,800",N
A014620,성광벤드,KOSDAQ,"28,000",250,0.90%,"27,750","28,500","27,250","56,932","1,585,384,650",N
A214260,라파스,KOSDAQ,"17,910","1,900",9.59%,"19,810","19,810","17,880","84,204","1,571,664,035",N
A001440,대한전선,KOSPI,"11,740",20,0.17%,"11,760","11,900","11,670","133,409","1,569,238,140",N
A028050,삼성E&A,KOSPI,"19,440",380,1.99%,"19,060","19,540","19,060","80,918","1,566,859,645",N
A041190,우리기술투자,KOSDAQ,"6,790",130,1.88%,"6,920","7,020","6,770","227,044","1,562,729,655",N
A058470,리노공업,KOSDAQ,"36,500",250,0.68%,"36,800","36,900","36,350","42,564","1,558,860,650",N
A475150,SK이터닉스,KOSPI,"16,380",30,0.18%,"16,490","16,750","16,250","94,203","1,555,574,265",N
A097950,CJ제일제당,KOSPI,"244,500","1,500",0.62%,"243,500","248,000","243,000","6,332","1,549,647,250",N
A094480,갤럭시아머니트리,KOSDAQ,"8,290",120,1.47%,"8,320","8,340","8,170","187,171","1,547,711,680",N
A053030,바이넥스,KOSDAQ,"15,000",730,4.64%,"15,410","15,410","14,710","102,692","1,545,601,310",N
A178920,PI첨단소재,KOSPI,"17,050","1,040",6.50%,"16,100","18,000","16,070","89,606","1,536,553,565",N
A272450,진에어,KOSPI,"9,550",590,6.58%,"9,300","9,630","9,170","161,615","1,524,859,600",N
A388720,유일로보틱스,KOSDAQ,"72,200","2,100",3%,"71,600","75,400","70,100","21,414","1,524,826,600",N
A009420,한올바이오파마,KOSPI,"26,750","1,450",5.14%,"27,750","27,750","26,450","55,940","1,513,996,850",N
A080220,제주반도체,KOSDAQ,"13,150",210,1.62%,"12,940","13,180","12,910","112,497","1,470,029,480",N
A388050,지투파워,KOSDAQ,"7,270",330,4.34%,"7,240","7,550","6,710","208,110","1,451,193,070",N
A012510,더존비즈온,KOSPI,"62,300",400,0.65%,"61,900","63,400","61,900","23,029","1,440,279,050",N
A010130,고려아연,KOSPI,"779,000","4,000",0.51%,"793,000","797,000","773,000","1,831","1,437,556,000",N
A003220,대원제약,KOSPI,"13,740",130,0.94%,"13,870","14,460","13,710","101,494","1,436,441,190",N
A003350,한국화장품제조,KOSPI,"51,600","3,800",6.86%,"55,300","55,400","51,400","26,979","1,422,938,900",N
A335890,비올,KOSDAQ,"8,930",210,2.41%,"8,660","8,940","8,590","161,098","1,420,314,805",N
A079900,전진건설로봇,KOSPI,"47,200",800,1.72%,"46,000","47,500","44,650","30,374","1,394,996,325",N
A214150,클래시스,KOSDAQ,"64,700",0,0%,"64,700","65,700","64,100","21,355","1,389,921,000",N
A033500,동성화인텍,KOSDAQ,"25,050",400,1.57%,"25,300","25,550","25,050","54,132","1,369,858,500",N
A010950,S-Oil,KOSPI,"52,600",500,0.96%,"52,600","52,800","52,100","25,404","1,333,858,700",N
A086900,메디톡스,KOSDAQ,"170,500","5,000",2.85%,"174,000","176,400","168,500","7,769","1,333,814,700",N
A192080,더블유게임즈,KOSPI,"55,800",700,1.24%,"56,200","56,900","54,800","23,584","1,323,527,300",N
A084110,휴온스글로벌,KOSDAQ,"49,450","2,250",4.35%,"51,700","53,100","48,800","26,141","1,312,969,450",N
A024110,기업은행,KOSPI,"15,300",80,0.53%,"15,220","15,440","15,180","85,270","1,304,404,170",N
A066970,엘앤에프,KOSPI,"63,700","1,800",2.75%,"66,400","66,600","63,700","19,988","1,296,227,900",N
A025320,시노펙스,KOSDAQ,"6,540",200,3.15%,"6,340","6,580","6,340","198,320","1,292,892,300",N
A454910,두산로보틱스,KOSPI,"50,300",200,0.40%,"50,100","50,500","49,600","25,589","1,281,425,150",N
A376300,디어유,KOSDAQ,"47,100",200,0.42%,"47,300","47,500","46,100","27,390","1,280,706,500",N
A005070,코스모신소재,KOSPI,"37,750","1,050",2.71%,"39,050","39,300","37,700","32,507","1,247,447,400",N
A032350,롯데관광개발,KOSPI,"10,800",70,0.64%,"10,900","10,990","10,550","114,928","1,246,542,295",N
A065350,신성델타테크,KOSDAQ,"58,800",800,1.34%,"59,000","60,700","58,600","20,864","1,242,629,500",N
A289220,자이언트스텝,KOSDAQ,"6,760",220,3.36%,"6,670","6,860","6,580","184,704","1,242,486,245",N
A067080,대화제약,KOSDAQ,"14,530",500,3.33%,"15,040","15,040","14,470","83,843","1,232,261,250",N
A107640,한중엔시에스,KOSDAQ,"28,450","1,050",3.83%,"27,500","28,500","27,300","44,217","1,232,221,325",N
A012330,현대모비스,KOSPI,"255,000","1,500",0.58%,"257,000","259,000","252,500","4,826","1,231,639,500",N
A053800,안랩,KOSDAQ,"67,600",900,1.35%,"66,800","68,500","66,100","17,983","1,210,216,250",N
A039490,키움증권,KOSPI,"143,200","5,600",4.07%,"137,700","144,000","137,100","8,561","1,208,940,900",N
A000810,삼성화재,KOSPI,"376,000","1,000",0.27%,"377,000","387,000","372,500","3,177","1,207,116,500",N
A011780,금호석유화학,KOSPI,"119,500","3,300",2.84%,"116,600","121,200","116,200","10,103","1,206,851,400",N
A432720,퀄리타스반도체,KOSDAQ,"15,620",270,1.76%,"15,460","15,650","15,200","77,926","1,206,504,885",N
A122870,와이지엔터테인먼트,KOSDAQ,"66,700","1,000",1.48%,"67,000","67,800","66,400","17,801","1,194,395,850",N
A475560,더본코리아,KOSPI,"26,325",625,2.32%,"27,250","28,000","26,200","44,300","1,188,512,225",N
A083420,그린케미칼,KOSPI,"7,990",0,0%,"8,060","8,210","7,950","145,607","1,177,556,450",N
A140410,메지온,KOSDAQ,"38,250",900,2.30%,"38,850","38,950","37,850","30,400","1,161,871,050",N
A051980,중앙첨단소재,KOSDAQ,"4,015",270,6.30%,"4,300","4,300","3,970","283,107","1,155,514,034",N
A336570,원텍,KOSDAQ,"8,350",40,0.48%,"8,390","8,530","8,300","136,398","1,149,392,050",N
A006360,GS건설,KOSPI,"18,270",530,2.99%,"17,810","18,280","17,670","63,470","1,145,917,410",N
A089590,제주항공,KOSPI,"7,080",310,4.58%,"6,900","7,160","6,850","162,111","1,145,519,180",N
A161890,한국콜마,KOSPI,"74,600","1,000",1.32%,"75,600","76,600","74,400","15,135","1,139,242,650",N
A028260,삼성물산,KOSPI,"122,300",100,0.08%,"122,000","123,300","121,400","9,327","1,138,865,700",N
A473980,노머스,KOSDAQ,"28,350",650,2.35%,"28,100","28,500","27,100","39,929","1,107,038,200",N
A340570,티앤엘,KOSDAQ,"69,900","2,600",3.59%,"72,500","72,500","68,100","15,851","1,106,398,200",N
A004090,한국석유,KOSPI,"12,640",390,2.99%,"13,150","13,610","12,610","84,649","1,101,444,120",N
A267270,HD현대건설기계,KOSPI,"67,600","1,500",2.17%,"69,000","69,100","67,000","16,071","1,085,868,500",N
A005940,NH투자증권,KOSPI,"15,510",310,2.04%,"15,200","15,550","15,160","70,497","1,083,355,830",N
A460930,현대힘스,KOSDAQ,"17,320",220,1.29%,"17,300","17,410","17,160","61,967","1,072,738,880",N
A096770,SK이노베이션,KOSPI,"93,800",400,0.43%,"93,400","94,450","93,400","11,331","1,063,890,050",N
A282330,BGF리테일,KOSPI,"113,800","7,100",6.65%,"106,700","114,400","106,600","9,489","1,059,431,100",N
A047920,HLB제약,KOSDAQ,"20,500",0,0%,"20,500","20,550","19,980","52,068","1,052,476,700",N
A138040,메리츠금융지주,KOSPI,"122,100",500,0.41%,"122,700","123,200","120,800","8,590","1,047,001,950",N
A011170,롯데케미칼,KOSPI,"62,800","2,700",4.49%,"60,500","63,400","60,500","16,913","1,044,797,550",N
A399720,가온칩스,KOSDAQ,"42,500","1,200",2.91%,"41,850","43,000","41,800","24,430","1,038,242,200",N
A005290,동진쎄미켐,KOSDAQ,"29,850",100,0.33%,"29,950","30,300","29,850","34,550","1,037,652,525",N
A086710,선진뷰티사이언스,KOSDAQ,"14,570",580,3.83%,"15,100","15,240","14,510","69,456","1,034,101,150",N
A321820,아티스트컴퍼니,KOSDAQ,"11,900",280,2.41%,"11,810","12,090","11,360","86,362","1,012,555,410",N
A091810,티웨이항공,KOSPI,"2,235",80,3.71%,"2,165","2,250","2,165","453,156","1,010,577,050",N
A001040,CJ,KOSPI,"128,000","2,100",1.67%,"127,000","130,300","125,600","7,860","1,007,776,300",N
A189300,인텔리안테크,KOSDAQ,"39,900",750,1.85%,"40,650","41,700","39,900","24,511","995,298,300",N
A171090,선익시스템,KOSDAQ,"40,550","2,450",6.43%,"38,700","40,650","38,400","24,418","969,860,225",N
A192820,코스맥스,KOSPI,"172,200","2,300",1.32%,"174,600","178,400","172,000","5,529","966,186,400",N
A011070,LG이노텍,KOSPI,"137,800",800,0.58%,"138,200","140,400","137,000","6,820","944,756,800",N
A017800,현대엘리베이터,KOSPI,"75,500",500,0.67%,"75,000","76,000","74,100","12,472","940,043,900",N
A112610,씨에스윈드,KOSPI,"38,050",250,0.65%,"38,300","39,300","38,050","24,424","939,941,275",N
A099320,쎄트렉아이,KOSDAQ,"48,600","1,300",2.75%,"47,300","48,700","47,300","19,462","938,013,600",N
A036570,엔씨소프트,KOSPI,"149,200","3,400",2.33%,"145,800","149,200","145,700","6,354","936,616,300",N
A077970,STX엔진,KOSPI,"24,450",300,1.24%,"24,050","24,550","24,000","38,254","931,060,700",N
A035250,강원랜드,KOSPI,"16,340",260,1.62%,"16,100","16,380","16,000","56,659","920,549,125",N
A105840,우진,KOSPI,"7,420",310,4.01%,"7,490","7,490","7,000","128,213","918,449,920",N
A004020,현대제철,KOSPI,"24,300",400,1.62%,"24,650","24,900","24,000","37,672","913,719,950",N
A069620,대웅제약,KOSPI,"135,500","7,400",5.18%,"142,800","142,800","135,100","6,646","910,284,200",N
A004980,성신양회,KOSPI,"8,810",50,0.56%,"8,930","8,990","8,730","100,782","894,382,670",N
A039200,오스코텍,KOSDAQ,"26,350","1,000",3.66%,"27,650","27,650","26,350","33,427","893,540,750",N
A264850,이랜시스,KOSDAQ,"4,615",30,0.65%,"4,560","4,630","4,400","195,693","886,452,780",N
A389650,넥스트바이오메디컬,KOSDAQ,"39,550","2,000",4.81%,"41,500","41,500","37,350","22,082","876,733,350",N
A071050,한국금융지주,KOSPI,"84,300","1,400",1.69%,"82,900","84,800","82,500","10,364","869,356,950",N
A004370,농심,KOSPI,"408,500","3,500",0.86%,"405,000","415,000","403,500","2,109","864,762,500",N
A001380,SG글로벌,KOSPI,"1,858",83,4.28%,"1,921","1,921","1,846","458,095","861,177,686",N
A031980,피에스케이홀딩스,KOSDAQ,"36,500",800,2.24%,"35,600","36,700","35,550","23,749","858,599,050",N
A100840,SNT에너지,KOSPI,"38,350",450,1.19%,"39,200","39,200","36,700","22,680","855,118,850",N
A078600,대주전자재료,KOSDAQ,"81,200","1,300",1.58%,"84,000","84,700","80,800","10,452","853,960,000",N
A082640,동양생명,KOSPI,"5,540",430,7.20%,"6,090","6,140","5,420","146,556","826,944,230",N
A092790,넥스틸,KOSPI,"12,460",320,2.50%,"12,780","13,090","12,440","64,838","817,074,730",N
A059090,미코,KOSDAQ,"10,800",700,6.93%,"10,120","10,800","10,120","77,651","814,312,045",N
A033780,KT&G,KOSPI,"116,400",400,0.34%,"115,900","117,900","115,000","6,982","813,060,500",N
A195870,해성디에스,KOSPI,"21,000","1,200",5.41%,"22,400","22,400","20,950","37,822","806,888,500",N
A403870,HPSP,KOSDAQ,"22,650",200,0.89%,"22,450","23,250","22,400","35,531","804,292,450",N
A051900,LG생활건강,KOSPI,"331,000","6,500",1.93%,"336,500","340,500","331,000","2,381","798,313,500",N
A042670,HD현대인프라코어,KOSPI,"8,340",90,1.07%,"8,490","8,490","8,290","94,471","789,338,270",N
A194480,데브시스터즈,KOSDAQ,"41,850","1,500",3.72%,"44,850","44,850","40,500","18,637","786,284,675",N
A001120,LX인터내셔널,KOSPI,"26,750",250,0.94%,"26,500","26,800","26,350","29,418","782,208,850",N
A017960,한국카본,KOSPI,"19,540",150,0.76%,"19,690","19,860","19,440","39,225","771,140,680",N
A005850,에스엘,KOSPI,"31,500","1,400",4.26%,"32,700","32,900","31,350","24,094","770,568,750",N
A089010,켐트로닉스,KOSDAQ,"22,100",0,0%,"22,100","22,250","21,900","34,716","766,540,900",N
A377300,카카오페이,KOSPI,"31,950",400,1.27%,"31,000","32,400","31,000","23,701","754,179,025",N
A000500,가온전선,KOSPI,"59,600",500,0.83%,"59,800","60,500","58,300","12,650","753,941,400",N
A363280,티와이홀딩스,KOSPI,"2,600",145,5.28%,"2,520","2,675","2,360","303,939","747,931,165",N
A368770,파이버프로,KOSDAQ,"7,320",150,2.09%,"7,170","7,450","7,170","102,113","747,820,585",N
A253590,네오셈,KOSDAQ,"10,020",110,1.11%,"9,930","10,070","9,910","74,710","747,090,910",N
A034120,SBS,KOSPI,"20,950",200,0.95%,"21,350","21,400","20,400","35,456","738,066,350",N
A232140,와이씨,KOSDAQ,"9,970",140,1.42%,"9,970","10,050","9,830","73,626","734,297,740",N
A003160,디아이,KOSPI,"14,500",380,2.69%,"14,090","14,530","14,010","51,298","733,059,370",N
A397030,에이프릴바이오,KOSDAQ,"15,900",370,2.38%,"15,530","16,030","15,320","46,591","732,121,290",N
A160190,하이젠알앤엠,KOSDAQ,"32,500","1,150",3.67%,"31,400","32,600","31,400","22,695","728,983,875",N
A017860,DS단석,KOSPI,"24,950",50,0.20%,"24,900","25,100","24,500","29,232","727,398,950",N
A068760,셀트리온제약,KOSDAQ,"47,450","1,050",2.16%,"48,250","48,250","47,100","15,136","719,248,150",N
A139480,이마트,KOSPI,"90,800",800,0.89%,"90,200","91,400","90,100","7,832","711,446,100",N
A251270,넷마블,KOSPI,"46,150","1,000",2.21%,"45,150","46,350","45,150","15,364","699,843,900",N
A025980,아난티,KOSDAQ,"6,580",10,0.15%,"6,590","6,780","6,500","106,040","696,214,850",N
A034730,SK,KOSPI,"133,100","1,400",1.06%,"130,300","134,000","130,300","5,163","686,311,900",N
A281820,케이씨텍,KOSPI,"26,350",0,0%,"26,400","26,500","26,250","25,752","679,045,150",N
A206650,유바이오로직스,KOSDAQ,"12,600",520,3.96%,"13,120","13,170","12,330","53,207","669,152,020",N
A010060,OCI홀딩스,KOSPI,"64,000",600,0.93%,"65,500","65,500","64,000","10,280","665,107,500",N
A020560,아시아나항공,KOSPI,"9,910",460,4.87%,"9,550","9,930","9,550","67,685","661,173,800",N
A445680,큐리옥스바이오시스템즈,KOSDAQ,"23,500",700,2.89%,"24,150","24,150","23,450","27,878","658,091,200",N
A229640,LS에코에너지,KOSPI,"32,050",200,0.62%,"32,150","32,850","31,600","20,190","649,004,400",N
A137400,피엔티,KOSDAQ,"40,600",50,0.12%,"40,550","41,750","40,450","15,898","648,456,000",N
A108860,셀바스AI,KOSDAQ,"13,520",300,2.27%,"13,450","13,520","13,220","48,489","648,061,315",N
A033100,제룡전기,KOSDAQ,"31,300",250,0.79%,"31,850","31,950","31,200","20,438","645,820,150",N
A220100,퓨쳐켐,KOSDAQ,"17,580",530,2.93%,"18,090","18,100","17,140","36,504","641,766,740",N
A028670,팬오션,KOSPI,"3,410",95,2.87%,"3,340","3,425","3,310","186,681","631,784,157",N
A085660,차바이오텍,KOSDAQ,"10,640",380,3.45%,"10,970","11,020","10,480","58,885","628,533,490",N
A001450,현대해상,KOSPI,"21,950",0,0%,"22,350","22,350","21,700","28,323","621,698,175",N
A079370,제우스,KOSDAQ,"13,540",470,3.60%,"13,300","13,560","13,100","46,185","618,099,195",N
A034230,파라다이스,KOSPI,"12,180",180,1.46%,"12,290","12,290","12,050","50,888","617,176,420",N
A394800,쓰리빌리언,KOSDAQ,"6,500",40,0.61%,"6,500","6,610","6,400","94,288","615,068,930",N
A204320,HL만도,KOSPI,"36,550",900,2.40%,"37,100","37,600","36,500","16,556","610,058,550",N
A000990,DB하이텍,KOSPI,"38,800",400,1.04%,"38,400","38,900","38,400","15,774","609,830,000",N
A067310,하나마이크론,KOSDAQ,"11,180",170,1.54%,"11,100","11,260","11,040","54,168","603,964,350",N
A222080,씨아이에스,KOSDAQ,"7,440",200,2.76%,"7,250","7,450","7,200","80,993","595,465,030",N
A030520,한글과컴퓨터,KOSDAQ,"21,100",100,0.47%,"21,200","21,300","20,900","28,170","594,068,750",N
A439090,마녀공장,KOSDAQ,"18,820",60,0.32%,"19,050","19,050","18,700","31,470","592,780,900",N
A182360,큐브엔터,KOSDAQ,"19,510",330,1.66%,"19,770","19,770","19,400","30,000","585,697,670",N
A000120,CJ대한통운,KOSPI,"84,200","2,300",2.81%,"82,000","84,200","82,000","7,008","584,743,450",N
A194700,노바렉스,KOSDAQ,"11,420",160,1.42%,"11,230","11,470","10,940","51,194","578,084,110",N
A035510,신세계 I&C,KOSPI,"11,940",160,1.32%,"11,920","11,990","11,880","46,667","556,967,355",N
A323280,태성,KOSDAQ,"20,250",200,1%,"20,100","20,350","19,990","27,533","554,504,815",N
A255220,SG,KOSDAQ,"2,440",40,1.61%,"2,480","2,480","2,390","228,382","552,038,495",N
A281740,레이크머티리얼즈,KOSDAQ,"12,710",120,0.94%,"12,830","12,970","12,580","42,221","539,202,050",N
A095340,ISC,KOSDAQ,"52,500",700,1.35%,"51,500","52,800","51,300","10,246","535,727,850",N
A000520,삼일제약,KOSPI,"12,200",240,1.93%,"12,500","12,500","12,050","43,175","525,023,130",N
A001680,대상,KOSPI,"24,700",250,1.02%,"24,450","24,850","24,150","20,980","514,672,950",N
A274090,켄코아에어로스페이스,KOSDAQ,"12,530",200,1.62%,"12,380","12,600","12,210","41,260","514,634,560",N
A034220,LG디스플레이,KOSPI,"8,500",160,1.92%,"8,400","8,510","8,390","59,543","504,016,585",N
A039130,하나투어,KOSPI,"53,000","1,700",3.31%,"51,600","53,100","51,500","9,377","490,242,700",N
A218410,RFHIC,KOSDAQ,"16,760",210,1.27%,"16,550","16,810","16,480","29,328","489,113,770",N
A323990,박셀바이오,KOSDAQ,"9,290",330,3.43%,"9,620","9,620","9,260","51,716","482,527,940",N
A180640,한진칼,KOSPI,"86,000","5,200",6.44%,"81,000","86,000","81,000","5,668","475,036,700",N
A475400,씨메스,KOSDAQ,"25,500",350,1.35%,"25,500","26,000","25,150","18,521","472,575,750",N
A003570,SNT다이내믹스,KOSPI,"34,200",650,1.94%,"33,600","34,500","33,600","13,793","471,781,750",N
A014680,한솔케미칼,KOSPI,"113,700","1,500",1.30%,"114,500","116,500","112,500","4,093","467,827,800",N
A445090,에이직랜드,KOSDAQ,"31,450",450,1.45%,"31,900","31,900","30,950","14,851","465,167,750",N
A006280,녹십자,KOSPI,"121,600","4,200",3.34%,"124,100","126,700","121,000","3,783","464,911,300",N
A203650,드림시큐리티,KOSDAQ,"3,445",35,1.03%,"3,615","3,615","3,400","135,312","464,408,722",N
A039030,이오테크닉스,KOSDAQ,"118,700",200,0.17%,"118,500","119,700","118,100","3,898","463,356,200",N
A002380,KCC,KOSPI,"249,500","3,000",1.19%,"252,500","256,500","246,500","1,838","457,095,000",N
A047560,이스트소프트,KOSDAQ,"19,560",190,0.98%,"19,380","19,660","19,100","23,291","452,603,770",N
A003530,한화투자증권,KOSPI,"3,495",25,0.72%,"3,470","3,535","3,460","128,442","447,799,685",N
A018260,삼성에스디에스,KOSPI,"128,800",0,0%,"128,800","129,300","127,200","3,480","446,704,100",N
A035760,CJ ENM,KOSDAQ,"60,700","1,800",2.88%,"62,500","62,500","60,600","7,279","444,594,500",N
A241560,두산밥캣,KOSPI,"47,400",900,1.86%,"47,950","48,150","47,000","9,241","438,436,200",N
A138610,나이벡,KOSDAQ,"19,450",140,0.73%,"19,310","19,470","18,790","23,014","438,095,860",N
A375500,DL이앤씨,KOSPI,"43,800","1,700",4.04%,"42,100","43,900","41,300","10,122","434,265,000",N
A353200,대덕전자,KOSPI,"14,160",20,0.14%,"14,180","14,590","14,090","30,567","433,505,450",N
A032830,삼성생명,KOSPI,"85,600",300,0.35%,"85,300","86,300","85,000","4,982","427,173,900",N
A322000,HD현대에너지솔루션,KOSPI,"28,150",50,0.18%,"28,400","28,750","28,150","14,941","425,224,500",N
A241710,코스메카코리아,KOSDAQ,"42,400","1,450",3.31%,"43,800","44,400","42,400","9,807","421,695,450",N
A484870,엠앤씨솔루션,KOSPI,"104,400","1,000",0.97%,"103,400","109,600","103,300","3,957","416,659,000",N
A476080,M83,KOSDAQ,"14,680",70,0.47%,"14,750","14,780","14,310","28,143","408,856,120",N
A005830,DB손해보험,KOSPI,"92,100",800,0.86%,"90,600","93,900","90,600","4,403","407,506,650",N
A317330,덕산테코피아,KOSDAQ,"21,900",550,2.45%,"22,350","22,550","21,850","18,418","406,655,750",N
A131970,두산테스나,KOSDAQ,"25,600",550,2.20%,"24,900","25,750","24,750","15,952","403,290,975",N
A015750,성우하이텍,KOSDAQ,"5,410",100,1.81%,"5,510","5,540","5,400","73,791","402,902,730",N
A122640,예스티,KOSDAQ,"17,040",240,1.43%,"16,780","17,240","16,520","23,491","400,416,520",N
A183300,코미코,KOSDAQ,"59,600",400,0.68%,"59,500","60,200","58,800","6,690","398,674,600",N
A356680,엑스게이트,KOSDAQ,"7,240",140,1.97%,"7,100","7,240","7,080","55,560","398,418,110",N
A453860,에이에스텍,KOSDAQ,"21,500",900,4.02%,"22,750","22,850","21,450","17,713","391,979,400",N
A352480,씨앤씨인터내셔널,KOSDAQ,"32,650","1,100",3.26%,"33,900","34,050","32,650","11,698","390,078,300",N
A475580,에이럭스,KOSDAQ,"11,300",140,1.25%,"11,340","11,340","11,130","33,664","376,959,370",N
A014940,오리엔탈정공,KOSDAQ,"5,490",20,0.37%,"5,510","5,570","5,460","67,840","374,513,930",N
A240810,원익IPS,KOSDAQ,"23,150",450,1.98%,"22,800","23,300","22,700","16,205","373,604,975",N
A115450,HLB테라퓨틱스,KOSDAQ,"7,870",130,1.63%,"7,990","7,990","7,780","47,353","371,947,460",N
A045390,대아티아이,KOSDAQ,"3,905",10,0.26%,"3,915","3,925","3,865","93,646","365,225,407",N
A464080,에스오에스랩,KOSDAQ,"10,330",60,0.58%,"10,500","10,750","10,320","35,010","364,543,420",N
A003550,LG,KOSPI,"66,600",100,0.15%,"66,000","67,700","66,000","5,428","363,045,300",N
A029480,광무,KOSDAQ,"2,805",220,7.27%,"3,105","3,105","2,795","122,167","356,871,890",N
A048870,시너지이노베이션,KOSDAQ,"2,895",40,1.40%,"2,855","2,915","2,850","123,339","355,341,665",N
A083450,GST,KOSDAQ,"17,360",100,0.58%,"17,220","17,500","17,190","20,307","352,607,360",N
A294870,HDC현대산업개발,KOSPI,"25,400",0,0%,"25,200","25,450","24,900","13,874","350,237,750",N
A006220,제주은행,KOSPI,"10,960",140,1.29%,"10,820","11,020","10,680","32,375","350,164,490",N
A042370,비츠로테크,KOSDAQ,"7,580",190,2.45%,"7,770","7,770","7,350","46,827","349,328,605",N
A078930,GS,KOSPI,"38,450",150,0.39%,"38,500","38,700","38,250","9,072","349,306,400",N
A175330,JB금융지주,KOSPI,"17,300",40,0.23%,"17,000","17,490","17,000","20,039","348,500,150",N
A307950,현대오토에버,KOSPI,"124,500",900,0.72%,"123,200","125,300","123,200","2,798","347,950,200",N
A096530,씨젠,KOSDAQ,"26,400",150,0.56%,"26,400","26,750","26,300","13,107","347,329,200",N
A209640,와이제이링크,KOSDAQ,"8,000",130,1.60%,"8,130","8,200","7,930","43,078","347,134,730",N
A417200,LS머트리얼즈,KOSDAQ,"11,020",260,2.30%,"11,320","11,320","10,930","30,692","339,762,990",N
A078140,대봉엘에스,KOSDAQ,"13,500",60,0.44%,"13,600","13,690","13,340","25,145","339,401,470",N
A319400,현대무벡스,KOSDAQ,"4,380",5,0.11%,"4,400","4,405","4,310","77,609","338,978,410",N
A402030,코난테크놀로지,KOSDAQ,"25,150",350,1.41%,"24,800","25,150","24,400","13,441","333,963,650",N
A067160,SOOP,KOSDAQ,"85,000",900,1.07%,"82,700","85,000","82,600","3,913","329,125,950",N
A009450,경동나비엔,KOSPI,"76,600",300,0.39%,"75,900","76,800","75,600","4,300","328,466,800",N
A336260,두산퓨얼셀,KOSPI,"15,190",250,1.67%,"15,280","15,320","14,900","21,368","324,190,530",N
A007340,DN오토모티브,KOSPI,"20,150",250,1.23%,"20,400","20,550","19,960","16,052","323,175,345",N
A051360,토비스,KOSDAQ,"15,410",820,5.05%,"16,300","16,300","15,320","20,485","321,089,220",N
A099430,바이오플러스,KOSDAQ,"7,560",40,0.53%,"7,590","7,640","7,500","42,121","317,662,020",N
A204270,제이앤티씨,KOSDAQ,"14,050",200,1.44%,"13,850","14,070","13,740","22,546","313,542,590",N
A225570,넥슨게임즈,KOSDAQ,"13,190",200,1.54%,"13,050","13,270","13,050","23,684","312,172,600",N
A094820,일진파워,KOSDAQ,"8,900",260,2.84%,"8,700","8,940","8,430","36,098","311,929,650",N
A005860,한일사료,KOSDAQ,"3,650",75,2.10%,"3,770","3,800","3,620","85,248","311,798,510",N
A005180,빙그레,KOSPI,"93,900","1,000",1.08%,"92,000","94,200","92,000","3,311","310,397,300",N
A064090,인크레더블버즈,KOSDAQ,"4,330",155,3.46%,"4,400","4,490","4,320","70,049","308,050,685",N
A004490,세방전지,KOSPI,"67,100","2,700",3.87%,"70,100","70,300","66,500","4,563","307,379,500",N
A023160,태광,KOSDAQ,"21,050",50,0.24%,"21,000","21,350","20,850","14,556","307,338,425",N
A271560,오리온,KOSPI,"122,700",0,0%,"123,100","124,800","121,900","2,485","306,836,400",N
A295310,에이치브이엠,KOSDAQ,"21,300",450,2.16%,"20,400","21,300","20,400","14,474","305,040,100",N
A206640,바디텍메드,KOSDAQ,"17,500",70,0.40%,"17,650","17,850","17,170","17,055","299,827,970",N
A138930,BNK금융지주,KOSPI,"10,560",150,1.44%,"10,410","10,620","10,410","28,306","298,699,800",N
A365330,에스와이스틸텍,KOSDAQ,"5,280",150,2.76%,"5,260","5,390","5,230","56,294","297,042,410",N
A101360,에코앤드림,KOSDAQ,"24,600",300,1.20%,"25,000","25,150","24,600","11,805","292,668,750",N
A254490,미래반도체,KOSDAQ,"13,260",40,0.30%,"13,300","13,410","13,150","21,969","292,255,830",N
A213420,덕산네오룩스,KOSDAQ,"30,500",900,3.04%,"29,050","30,600","29,050","9,584","288,362,700",N
A200670,휴메딕스,KOSDAQ,"40,500",250,0.61%,"40,500","41,350","40,250","7,048","287,058,500",N
A006650,대한유화,KOSPI,"85,500","1,500",1.79%,"85,500","86,100","82,400","3,387","286,991,200",N
A402340,SK스퀘어,KOSPI,"92,700","1,400",1.53%,"90,900","93,800","90,600","3,059","282,837,950",N
A140860,파크시스템스,KOSDAQ,"202,000",0,0%,"201,000","205,000","200,000","1,382","279,880,000",N
A101490,에스앤에스텍,KOSDAQ,"34,750",100,0.29%,"34,500","35,050","34,500","8,058","279,385,350",N
A222800,심텍,KOSDAQ,"16,160",80,0.50%,"16,400","16,400","16,000","17,230","278,577,850",N
A003540,대신증권,KOSPI,"18,440",520,2.90%,"17,880","18,440","17,880","15,229","277,909,840",N
A002790,아모레퍼시픽홀딩스,KOSPI,"22,650",300,1.31%,"23,100","23,150","22,550","12,067","274,875,350",N
A058610,에스피지,KOSDAQ,"25,000",150,0.60%,"24,450","25,300","24,450","10,852","271,742,050",N
A290690,소룩스,KOSDAQ,"3,750",115,2.98%,"3,870","3,900","3,685","72,375","271,684,614",N
A206560,덱스터,KOSDAQ,"6,840",120,1.79%,"6,830","6,970","6,720","38,581","265,042,320",N
A302440,SK바이오사이언스,KOSPI,"39,200",400,1.01%,"38,950","40,250","38,950","6,657","262,353,000",N
A166090,하나머티리얼즈,KOSDAQ,"28,900",300,1.05%,"28,950","29,050","28,400","9,077","261,396,650",N
A114840,아이패밀리에스씨,KOSDAQ,"21,200",650,2.97%,"22,150","22,150","21,200","11,912","257,871,450",N
A101730,위메이드맥스,KOSDAQ,"6,160",140,2.33%,"5,940","6,340","5,700","41,557","256,779,205",N
A348210,넥스틴,KOSDAQ,"54,700",200,0.37%,"54,500","55,000","53,800","4,704","255,874,000",N
A139130,iM금융지주,KOSPI,"10,340",140,1.37%,"10,270","10,400","10,120","24,769","255,767,810",N
A060370,LS마린솔루션,KOSDAQ,"17,500",120,0.68%,"16,720","17,700","16,720","14,217","249,731,105",N
A010690,화신,KOSPI,"7,670",120,1.54%,"7,780","7,780","7,610","32,452","249,518,560",N
A319660,피에스케이,KOSDAQ,"18,540",250,1.37%,"18,330","18,640","18,330","13,468","249,078,610",N
A112290,와이씨켐,KOSDAQ,"20,900",150,0.71%,"21,200","21,200","20,600","11,617","243,344,275",N
A039440,에스티아이,KOSDAQ,"20,750",50,0.24%,"21,000","21,400","20,500","11,691","242,777,800",N
A372320,큐로셀,KOSDAQ,"26,750",400,1.47%,"27,050","27,100","26,550","8,997","241,118,550",N
A354320,알멕,KOSDAQ,"25,100",500,2.03%,"24,950","25,550","24,450","9,525","240,501,400",N
A293490,카카오게임즈,KOSDAQ,"14,320",140,0.99%,"14,350","14,390","14,010","16,924","240,411,850",N
A456070,이엔셀,KOSDAQ,"13,800",180,1.29%,"13,970","13,980","13,630","17,386","239,521,440",N
A383310,에코프로에이치엔,KOSDAQ,"27,350",900,3.19%,"28,250","29,300","27,350","8,375","231,904,925",N
A084850,아이티엠반도체,KOSDAQ,"12,960",510,4.10%,"12,450","13,010","12,450","18,064","230,981,300",N
A002310,아세아제지,KOSPI,"6,750",100,1.46%,"6,850","6,860","6,720","33,743","229,185,170",N
A237880,클리오,KOSDAQ,"18,370",260,1.40%,"18,680","18,910","18,370","12,267","228,188,670",N
A315640,딥노이드,KOSDAQ,"6,670",130,1.99%,"6,560","6,690","6,410","34,620","227,692,785",N
A200880,서연이화,KOSPI,"11,640",150,1.27%,"11,830","11,870","11,630","18,997","223,671,960",N
A014830,유니드,KOSPI,"87,300",300,0.34%,"86,700","88,500","86,700","2,535","222,014,400",N
A058970,엠로,KOSDAQ,"53,000",500,0.95%,"52,500","53,500","52,000","4,176","220,965,300",N
A356860,티엘비,KOSDAQ,"17,740",200,1.14%,"17,540","17,780","17,430","12,499","220,821,545",N
A199820,제일일렉트릭,KOSDAQ,"8,510",160,1.85%,"8,670","8,800","8,490","25,392","219,244,335",N
A008930,한미사이언스,KOSPI,"28,450",150,0.52%,"28,600","28,700","28,050","7,627","216,916,350",N
A102710,이엔에프테크놀로지,KOSDAQ,"25,550",650,2.61%,"24,900","25,600","24,500","8,529","216,601,225",N
A048410,현대바이오,KOSDAQ,"10,580",290,2.67%,"10,640","10,880","10,530","20,239","216,327,880",N
A006730,서부T&D,KOSDAQ,"5,830",40,0.69%,"5,990","6,000","5,680","36,686","215,904,430",N
A308430,셀비온,KOSDAQ,"14,860",450,2.94%,"15,310","15,310","14,750","14,302","214,043,915",N
A001200,유진투자증권,KOSPI,"2,730",10,0.36%,"2,720","2,740","2,695","78,525","213,029,285",N
A054950,제이브이엠,KOSDAQ,"22,850",100,0.44%,"22,950","23,400","22,450","9,239","211,638,450",N
A161390,한국타이어앤테크놀로지,KOSPI,"41,200",50,0.12%,"41,150","41,700","41,000","5,107","211,523,050",N
A071320,지역난방공사,KOSPI,"54,200","1,300",2.46%,"53,100","55,000","53,000","3,912","211,264,700",N
A370090,퓨런티어,KOSDAQ,"15,990",340,2.17%,"15,790","16,160","15,700","13,219","210,216,430",N
A298830,슈어소프트테크,KOSDAQ,"4,945",50,1%,"4,995","4,995","4,895","42,223","209,208,460",N
A092200,디아이씨,KOSPI,"4,530",30,0.66%,"4,705","4,705","4,500","46,119","209,014,392",N
A088350,한화생명,KOSPI,"2,640",15,0.56%,"2,655","2,665","2,620","77,444","204,914,139",N
A079160,CJ CGV,KOSPI,"4,940",70,1.44%,"4,870","4,950","4,870","40,319","198,726,669",N
A007070,GS리테일,KOSPI,"14,920",290,1.98%,"14,850","14,920","14,580","13,264","196,679,590",N
A228760,지노믹트리,KOSDAQ,"14,780",400,2.64%,"15,090","15,190","14,640","13,224","196,218,950",N
A060280,큐렉소,KOSDAQ,"8,850",120,1.34%,"8,970","9,050","8,770","21,931","194,499,530",N
A086980,쇼박스,KOSDAQ,"3,230",25,0.78%,"3,205","3,260","3,160","60,240","193,040,180",N
A109610,에스와이,KOSDAQ,"3,735",30,0.80%,"3,760","3,795","3,710","51,658","192,523,170",N
A002710,TCC스틸,KOSPI,"19,970",230,1.14%,"20,150","20,400","19,880","9,528","191,333,740",N
A314930,바이오다인,KOSDAQ,"14,780",70,0.48%,"14,250","17,000","14,250","12,963","190,512,330",N
A082800,비보존 제약,KOSDAQ,"6,840",30,0.44%,"7,080","7,080","6,760","27,743","189,056,650",N
A024720,콜마홀딩스,KOSPI,"9,310",70,0.75%,"9,510","9,510","9,240","20,156","188,594,440",N
A001060,JW중외제약,KOSPI,"21,850",450,2.02%,"22,100","22,200","21,650","8,633","188,539,300",N
A073240,금호타이어,KOSPI,"4,835",150,3.20%,"4,700","4,850","4,700","39,127","186,972,595",N
A361610,SK아이이테크놀로지,KOSPI,"22,750",50,0.22%,"22,650","23,150","22,300","8,096","184,280,250",N
A039980,폴라리스AI,KOSDAQ,"2,420",30,1.26%,"2,430","2,430","2,385","76,009","182,825,510",N
A121600,나노신소재,KOSDAQ,"53,800",400,0.74%,"54,200","55,100","53,600","3,310","179,700,900",N
A200710,에이디테크놀로지,KOSDAQ,"15,270",220,1.46%,"15,110","15,370","15,100","11,788","179,693,630",N
A095660,네오위즈,KOSDAQ,"23,750",0,0%,"23,800","24,100","23,500","7,518","178,411,300",N
A145720,덴티움,KOSPI,"71,800",700,0.97%,"72,600","73,600","71,400","2,473","178,025,650",N
A290650,엘앤씨바이오,KOSDAQ,"22,550",0,0%,"23,400","23,700","22,400","7,806","177,553,250",N
A011210,현대위아,KOSPI,"42,300",150,0.35%,"42,450","43,000","42,050","4,159","176,865,900",N
A073010,케이에스피,KOSDAQ,"4,550",80,1.79%,"4,475","4,600","4,400","38,880","176,754,105",N
A041020,폴라리스오피스,KOSDAQ,"5,020",60,1.21%,"4,960","5,040","4,950","35,351","176,510,375",N
A001800,오리온홀딩스,KOSPI,"18,630",90,0.49%,"18,550","18,880","18,300","9,504","176,279,200",N
A383220,F&F,KOSPI,"70,200",800,1.13%,"71,000","71,500","70,100","2,487","175,497,100",N
A108320,LX세미콘,KOSPI,"55,500",800,1.46%,"55,800","56,000","54,800","3,163","174,855,100",N
A114090,GKL,KOSPI,"12,230",90,0.74%,"12,150","12,250","12,050","14,283","173,918,430",N
A021240,코웨이,KOSPI,"84,900","1,200",1.39%,"86,000","88,800","83,600","2,012","171,886,700",N
A000490,대동,KOSPI,"10,330",20,0.19%,"10,350","10,370","10,250","16,670","171,498,870",N
A084370,유진테크,KOSDAQ,"34,150",50,0.15%,"34,150","34,400","33,950","4,962","169,676,550",N
A249420,일동제약,KOSPI,"11,540",360,3.03%,"11,930","11,930","11,500","14,606","169,586,330",N
A474170,루미르,KOSDAQ,"8,760",40,0.46%,"8,940","8,940","8,650","19,335","168,481,690",N
A100090,SK오션플랜트,KOSPI,"14,410",10,0.07%,"14,440","14,540","14,350","11,600","167,605,340",N
A102120,어보브반도체,KOSDAQ,"10,130",0,0%,"10,130","10,230","10,020","16,521","167,508,680",N
A005010,휴스틸,KOSPI,"4,810",30,0.62%,"4,840","4,880","4,810","34,613","167,177,660",N
A168360,펨트론,KOSDAQ,"9,860",120,1.20%,"10,100","10,100","9,860","16,776","166,697,625",N
A090460,비에이치,KOSPI,"12,310",150,1.20%,"12,540","12,540","12,210","13,399","165,302,770",N
A086450,동국제약,KOSDAQ,"15,240",10,0.07%,"15,230","15,450","15,030","10,927","165,285,660",N
A298020,효성티앤씨,KOSPI,"237,000","2,000",0.84%,"237,000","243,500","235,000",689,"164,001,000",N
A020150,롯데에너지머티리얼즈,KOSPI,"22,700",50,0.22%,"23,100","23,150","22,400","7,197","163,260,250",N
A282720,금양그린파워,KOSDAQ,"10,010",150,1.52%,"10,000","10,100","9,820","16,280","162,136,430",N
A012320,경동인베스트,KOSPI,"57,200",400,0.69%,"58,800","58,800","56,800","2,814","161,722,800",N
A018880,한온시스템,KOSPI,"3,530",15,0.43%,"3,515","3,570","3,490","44,724","158,223,195",N
A011760,현대코퍼레이션,KOSPI,"22,500",250,1.10%,"22,700","22,850","22,250","6,825","153,540,450",N
A123330,제닉,KOSDAQ,"24,150",350,1.43%,"24,500","24,850","24,000","6,287","153,185,700",N
A009470,삼화전기,KOSPI,"28,400",150,0.53%,"28,550","28,800","28,250","5,317","151,705,650",N
A029780,삼성카드,KOSPI,"41,950",100,0.24%,"41,850","42,350","41,850","3,616","151,653,200",N
A337930,젝시믹스,KOSDAQ,"6,320",110,1.71%,"6,300","6,500","6,300","23,623","151,374,300",N
A416180,신성에스티,KOSDAQ,"32,400",0,0%,"33,300","33,300","32,200","4,622","150,730,050",N
A185750,종근당,KOSPI,"79,400","2,000",2.46%,"81,400","82,000","79,000","1,888","150,310,300",N
A179290,엠아이텍,KOSDAQ,"8,280",50,0.61%,"8,230","8,380","8,170","17,880","147,981,590",N
A094170,동운아나텍,KOSDAQ,"20,950",100,0.48%,"20,950","21,200","20,900","7,041","147,785,750",N
A461300,아이스크림미디어,KOSDAQ,"15,470",150,0.96%,"15,640","15,650","15,400","9,499","147,367,850",N
A228670,레이,KOSDAQ,"8,660",200,2.36%,"8,460","8,660","8,010","17,274","146,254,900",N
A170900,동아에스티,KOSPI,"46,150","1,050",2.22%,"47,150","47,150","45,850","3,121","145,343,100",N
A378340,필에너지,KOSDAQ,"14,500",10,0.07%,"14,550","14,630","14,420","9,967","145,042,630",N
A012630,HDC,KOSPI,"19,210",20,0.10%,"19,300","19,590","19,100","7,390","143,217,110",N
A004170,신세계,KOSPI,"159,700","1,400",0.88%,"152,100","160,500","152,100",895,"142,620,600",N
A020120,키다리스튜디오,KOSPI,"3,380",25,0.75%,"3,390","3,450","3,345","42,010","142,211,549",N
A389020,자람테크놀로지,KOSDAQ,"37,500",800,2.18%,"38,900","38,900","36,750","3,779","141,525,900",N
A272290,이녹스첨단소재,KOSDAQ,"23,200",400,1.75%,"22,800","23,300","22,800","5,995","138,008,725",N
A453450,그리드위즈,KOSDAQ,"17,260",0,0%,"17,480","17,480","17,110","8,015","137,882,520",N
A236200,슈프리마,KOSDAQ,"31,800",150,0.47%,"31,650","32,400","31,100","4,324","137,246,100",N
A018250,애경산업,KOSPI,"13,410",10,0.07%,"13,420","13,490","13,370","10,218","137,101,430",N
A000080,하이트진로,KOSPI,"19,310",0,0%,"19,400","19,400","19,310","6,927","133,949,430",N
A003090,대웅,KOSPI,"19,140","1,210",5.95%,"20,250","20,250","19,070","6,824","133,879,320",N
A008730,율촌화학,KOSPI,"27,250",0,0%,"27,250","27,900","27,200","4,855","133,300,700",N
A100790,미래에셋벤처투자,KOSDAQ,"4,805",35,0.73%,"4,770","4,890","4,770","27,775","132,964,236",N
A214430,아이쓰리시스템,KOSDAQ,"58,300",900,1.57%,"57,400","58,500","57,400","2,281","132,578,600",N
A372170,윤성에프앤씨,KOSDAQ,"33,550",100,0.30%,"34,200","34,250","33,550","3,894","131,935,750",N
A094360,칩스앤미디어,KOSDAQ,"16,860",70,0.42%,"16,350","17,020","16,350","7,794","131,695,540",N
A001340,PKC,KOSPI,"6,310",100,1.56%,"6,490","6,490","6,300","20,357","130,065,090",N
A362320,청담글로벌,KOSDAQ,"5,770",10,0.17%,"5,870","5,940","5,650","22,195","128,865,820",N
A148150,세경하이테크,KOSDAQ,"7,210",60,0.84%,"7,090","7,220","7,020","17,952","128,453,810",N
A440110,파두,KOSDAQ,"10,630",150,1.39%,"10,780","11,100","10,630","11,874","127,862,280",N
A009520,포스코엠텍,KOSDAQ,"12,110",10,0.08%,"12,120","12,220","12,050","10,512","127,699,130",N
A011500,한농화성,KOSPI,"14,790",30,0.20%,"14,850","15,020","14,760","8,552","127,300,210",N
A074600,원익QnC,KOSDAQ,"17,090",130,0.77%,"16,920","17,150","16,920","7,347","125,443,910",N
A322310,오로스테크놀로지,KOSDAQ,"22,950",150,0.66%,"21,500","23,200","21,500","5,404","123,383,800",N
A348340,뉴로메카,KOSDAQ,"25,200",0,0%,"25,450","25,450","24,650","4,928","123,346,950",N
A064260,다날,KOSDAQ,"2,830",30,1.07%,"2,855","2,860","2,815","43,179","122,727,075",N
A089860,롯데렌탈,KOSPI,"29,500",50,0.17%,"29,600","29,800","29,300","4,132","122,540,375",N
A424960,스마트레이더시스템,KOSDAQ,"9,610",40,0.41%,"9,800","10,000","9,590","12,659","122,408,470",N
A006110,삼아알미늄,KOSPI,"23,650","1,050",4.25%,"24,700","24,700","23,600","5,044","120,870,825",N
A036620,감성코퍼레이션,KOSDAQ,"3,565",65,1.79%,"3,680","3,680","3,520","33,800","120,224,185",N
A120110,코오롱인더,KOSPI,"30,700",500,1.66%,"30,000","31,150","30,000","3,843","118,405,600",N
A003850,보령,KOSPI,"8,460",60,0.70%,"8,510","8,520","8,390","13,899","117,248,610",N
A001250,GS글로벌,KOSPI,"2,555",0,0%,"2,550","2,575","2,530","45,837","117,108,400",N
A194370,제이에스코퍼레이션,KOSPI,"8,120",90,1.12%,"8,150","8,490","8,010","14,247","115,549,180",N
A280360,롯데웰푸드,KOSPI,"116,800",800,0.68%,"118,200","119,000","116,700",975,"114,441,400",N
A004000,롯데정밀화학,KOSPI,"35,000",50,0.14%,"35,400","35,600","35,000","3,225","114,186,500",N
A005420,코스모화학,KOSPI,"15,110",50,0.33%,"15,080","15,450","15,080","7,472","113,862,360",N
A455900,엔젤로보틱스,KOSDAQ,"23,500",350,1.51%,"23,850","23,850","23,150","4,871","113,670,175",N
A441270,파인엠텍,KOSDAQ,"5,480",230,4.38%,"5,300","5,520","5,300","20,533","111,442,180",N
A360070,탑머티리얼,KOSDAQ,"27,250",200,0.73%,"27,350","27,900","26,800","4,056","110,982,200",N
A298050,HS효성첨단소재,KOSPI,"181,900","2,500",1.39%,"179,400","182,300","179,400",603,"109,511,600",N
A456040,OCI,KOSPI,"54,700",100,0.18%,"54,800","55,500","54,500","1,962","107,681,000",N
A005440,현대지에프홀딩스,KOSPI,"5,540",10,0.18%,"5,530","5,640","5,530","18,899","105,483,070",N
A004990,롯데지주,KOSPI,"22,800",150,0.65%,"22,750","22,950","22,700","4,615","105,290,700",N
A056080,유진로봇,KOSDAQ,"7,420",80,1.09%,"7,370","7,430","7,300","14,269","105,198,015",N
A200130,콜마비앤에이치,KOSDAQ,"13,200",170,1.27%,"13,310","13,460","13,160","7,921","105,023,610",N
A285130,SK케미칼,KOSPI,"39,900",700,1.72%,"40,450","41,000","39,700","2,618","104,833,200",N
A388870,파로스아이바이오,KOSDAQ,"6,200",100,1.59%,"6,440","6,640","6,090","16,863","104,783,360",N
A458650,성우,KOSDAQ,"14,570",60,0.41%,"14,660","14,850","14,570","7,157","104,655,580",N
A036810,에프에스티,KOSDAQ,"18,100",130,0.72%,"18,010","18,170","17,950","5,667","102,674,380",N
A041440,현대에버다임,KOSDAQ,"8,560",90,1.04%,"8,680","8,680","8,420","11,890","101,343,250",N
A300720,한일시멘트,KOSPI,"18,240",150,0.83%,"18,090","18,290","17,960","5,549","100,938,510",N
A030000,제일기획,KOSPI,"18,360",30,0.16%,"18,600","18,600","18,310","5,443","100,409,240",N
A058430,포스코스틸리온,KOSPI,"38,150",200,0.52%,"38,700","38,700","37,900","2,623","100,284,000",N
A093370,후성,KOSPI,"4,335",45,1.03%,"4,395","4,420","4,220","23,016","100,146,400",N
A211270,AP위성,KOSDAQ,"12,320",80,0.65%,"12,400","12,400","12,250","8,122","99,835,100",N
A389260,대명에너지,KOSDAQ,"14,210",10,0.07%,"14,190","14,220","14,030","6,970","98,702,460",N
A033790,피노,KOSDAQ,"5,320",20,0.38%,"5,300","5,390","5,210","18,332","96,978,830",N
A025820,이구산업,KOSPI,"4,250",20,0.47%,"4,235","4,270","4,235","22,563","95,885,281",N
A097520,엠씨넥스,KOSPI,"24,600",250,1.03%,"24,350","24,650","23,950","3,880","94,429,550",N
A248070,솔루엠,KOSPI,"16,290",0,0%,"16,290","16,440","16,270","5,789","94,393,370",N
A000240,한국앤컴퍼니,KOSPI,"15,270",170,1.13%,"15,300","15,300","15,050","6,152","93,708,190",N
A023530,롯데쇼핑,KOSPI,"67,100",300,0.45%,"66,800","68,000","66,600","1,389","93,441,500",N
A032190,다우데이타,KOSDAQ,"11,950",120,1.01%,"11,800","11,950","11,800","7,810","93,091,690",N
A144510,지씨셀,KOSDAQ,"20,250",450,2.17%,"20,700","21,000","20,050","4,572","92,724,400",N
A256840,한국비엔씨,KOSDAQ,"4,100",40,0.97%,"4,145","4,190","4,025","21,871","89,884,560",N
A006040,동원산업,KOSPI,"41,900",150,0.36%,"41,750","42,100","41,750","2,142","89,870,050",N
A004560,현대비앤지스틸,KOSPI,"12,040",50,0.41%,"12,090","12,140","11,940","7,407","89,548,680",N
A199800,툴젠,KOSDAQ,"35,350","1,450",3.94%,"37,750","37,750","33,400","2,554","89,353,050",N
A357780,솔브레인,KOSDAQ,"178,400",400,0.22%,"177,400","180,300","176,200",495,"88,664,200",N
A003030,세아제강지주,KOSPI,"220,500","12,000",5.16%,"231,500","234,000","220,500",391,"87,658,000",N
A166480,코아스템켐온,KOSDAQ,"3,525",55,1.54%,"3,580","3,700","3,510","24,502","87,492,970",N
A453340,현대그린푸드,KOSPI,"14,970",460,2.98%,"15,430","15,430","14,930","5,721","86,108,865",N
A009240,한샘,KOSPI,"42,350",350,0.83%,"41,950","42,600","41,900","2,025","85,507,950",N
A064760,티씨케이,KOSDAQ,"86,100","1,300",1.53%,"84,900","87,100","84,900",976,"84,307,100",N
A064550,바이오니아,KOSDAQ,"15,760",190,1.19%,"15,990","15,990","15,730","5,233","82,808,600",N
A338220,뷰노,KOSDAQ,"18,500",90,0.48%,"18,650","18,940","17,980","4,485","82,696,020",N
A214370,케어젠,KOSDAQ,"23,150",550,2.32%,"24,050","24,050","23,150","3,522","82,192,400",N
A179900,유티아이,KOSDAQ,"20,050",420,2.14%,"18,260","20,150","18,260","4,071","80,588,950",N
A054450,텔레칩스,KOSDAQ,"13,820",170,1.25%,"13,650","13,930","13,650","5,818","80,242,460",N
A461030,아이엠비디엑스,KOSDAQ,"8,630",110,1.26%,"8,620","8,740","8,480","9,300","79,663,960",N
A003380,하림지주,KOSDAQ,"6,040",30,0.50%,"5,960","6,050","5,910","13,259","79,460,390",N
A000210,DL,KOSPI,"32,650",300,0.93%,"32,400","33,100","32,300","2,418","79,000,550",N
A131290,티에스이,KOSDAQ,"42,700",550,1.30%,"42,150","42,800","41,900","1,863","78,877,525",N
A336370,솔루스첨단소재,KOSPI,"8,400",40,0.47%,"8,440","8,470","8,340","9,348","78,659,930",N
A032500,케이엠더블유,KOSDAQ,"8,670",90,1.05%,"8,630","8,780","8,590","8,962","78,134,420",N
A394280,오픈엣지테크놀로지,KOSDAQ,"12,870",40,0.31%,"12,840","12,950","12,670","6,088","77,807,880",N
A032620,유비케어,KOSDAQ,"3,685",45,1.24%,"3,650","3,695","3,640","21,161","77,672,880",N
A259630,엠플러스,KOSDAQ,"7,520",10,0.13%,"7,510","7,600","7,450","10,162","76,475,900",N
A025900,동화기업,KOSDAQ,"8,390",20,0.24%,"8,400","8,540","8,350","9,074","76,345,950",N
A251970,펌텍코리아,KOSDAQ,"54,800","1,100",1.97%,"55,900","56,450","54,600","1,382","76,251,050",N
A004690,삼천리,KOSPI,"92,100",0,0%,"92,100","92,400","91,900",810,"74,662,100",N
A018670,SK가스,KOSPI,"233,000","1,500",0.64%,"234,000","234,500","230,500",321,"74,636,500",N
A443670,에스피소프트,KOSDAQ,"6,800",20,0.29%,"6,830","6,880","6,710","10,901","74,063,540",N
A082920,비츠로셀,KOSDAQ,"23,900",100,0.42%,"24,000","24,100","23,700","3,103","73,981,650",N
A005430,한국공항,KOSPI,"48,000",950,2.02%,"47,400","48,400","47,400","1,541","73,621,000",N
A086390,유니테스트,KOSDAQ,"10,080",80,0.80%,"9,900","10,350","9,900","7,261","73,343,925",N
A487570,HS효성,KOSPI,"40,400",200,0.49%,"40,700","40,700","40,100","1,789","72,512,500",N
A095610,테스,KOSDAQ,"20,950",50,0.24%,"20,900","21,100","20,650","3,472","72,464,500",N
A381620,제닉스,KOSDAQ,"7,790",60,0.78%,"7,730","7,820","7,700","9,340","72,213,380",N
A026960,동서,KOSPI,"26,050",100,0.38%,"26,600","26,600","25,800","2,746","71,867,600",N
A049770,동원F&B,KOSPI,"37,300",0,0%,"36,850","37,350","36,700","1,923","71,165,100",N
A004800,효성,KOSPI,"52,600",0,0%,"51,700","52,600","51,600","1,364","71,151,300",N
A068240,다원시스,KOSDAQ,"8,620",80,0.92%,"9,210","9,210","8,610","8,206","70,934,310",N
A270660,에브리봇,KOSDAQ,"14,300",80,0.56%,"13,820","14,520","13,820","4,935","70,609,440",N
A176750,듀켐바이오,KOSDAQ,"10,750",70,0.66%,"10,680","10,880","10,490","6,634","70,355,760",N
A420770,기가비스,KOSDAQ,"26,300",450,1.68%,"26,650","27,150","26,250","2,622","70,182,900",N
A019170,신풍제약,KOSPI,"7,530",10,0.13%,"7,630","7,800","7,500","9,175","69,247,270",N
A001530,DI동일,KOSPI,"40,200",900,2.19%,"40,500","40,500","39,850","1,707","68,471,400",N
A299030,하나기술,KOSDAQ,"20,450",400,2%,"20,000","20,500","20,000","3,351","68,410,150",N
A267850,아시아나IDT,KOSPI,"11,660",370,3.28%,"11,480","11,750","11,340","5,852","67,691,140",N
A462350,이노스페이스,KOSDAQ,"20,600",250,1.20%,"20,700","21,000","20,600","3,212","66,778,250",N
A145990,삼양사,KOSPI,"47,900",250,0.52%,"48,150","48,800","47,650","1,383","66,297,025",N
A361390,제노코,KOSDAQ,"16,780",160,0.96%,"16,780","16,800","16,620","3,950","66,104,180",N
A028100,동아지질,KOSPI,"14,570",180,1.22%,"14,920","14,920","14,500","4,516","65,748,670",N
A215200,메가스터디교육,KOSDAQ,"51,300",500,0.98%,"50,800","51,800","50,500","1,267","64,780,800",N
A063080,컴투스홀딩스,KOSDAQ,"20,050",650,3.14%,"20,500","20,600","20,000","3,199","64,668,900",N
A003690,코리안리,KOSPI,"8,130",20,0.25%,"8,120","8,150","8,050","7,835","63,607,770",N
A070960,모나용평,KOSPI,"4,055",115,2.76%,"4,115","4,175","4,045","15,505","63,544,340",N
A126700,하이비젼시스템,KOSDAQ,"15,790",40,0.25%,"15,890","15,900","15,670","4,017","63,265,050",N
A002960,한국쉘석유,KOSPI,"364,000","1,000",0.28%,"363,000","367,000","362,000",173,"63,098,500",N
A241590,화승엔터프라이즈,KOSPI,"7,830",20,0.26%,"7,840","7,900","7,760","7,975","62,340,280",N
A095500,미래나노텍,KOSDAQ,"7,760",30,0.39%,"7,920","8,000","7,720","7,874","61,705,690",N
A064960,SNT모티브,KOSPI,"27,050",300,1.10%,"27,350","28,150","27,000","2,255","61,614,400",N
A078520,에이블씨엔씨,KOSPI,"7,000",30,0.43%,"7,030","7,080","6,960","8,737","61,228,110",N
A126720,수산인더스트리,KOSPI,"19,280",340,1.73%,"19,550","19,550","19,000","3,186","61,134,280",N
A004430,송원산업,KOSPI,"12,200",50,0.41%,"12,150","12,230","11,960","5,028","60,913,810",N
A002020,코오롱,KOSPI,"22,200",350,1.60%,"21,750","22,200","21,500","2,757","60,313,400",N
A078340,컴투스,KOSDAQ,"39,800",450,1.14%,"39,200","39,850","39,200","1,504","59,495,450",N
A017810,풀무원,KOSPI,"14,780",40,0.27%,"14,710","14,910","14,710","3,898","57,647,630",N
A017940,E1,KOSPI,"61,600",300,0.48%,"61,900","61,900","61,400",929,"57,296,400",N
A226400,오스테오닉,KOSDAQ,"6,810",130,1.87%,"6,870","6,940","6,740","8,383","56,936,010",N
A117580,대성에너지,KOSPI,"7,770",0,0%,"7,840","7,840","7,740","7,280","56,711,040",N
A099190,아이센스,KOSDAQ,"16,500",30,0.18%,"16,210","16,700","16,210","3,429","56,700,400",N
A418550,제이오,KOSDAQ,"9,120",50,0.55%,"9,700","9,700","9,080","6,071","55,955,150",N
A056190,에스에프에이,KOSDAQ,"20,050",0,0%,"20,100","20,300","19,940","2,731","54,678,070",N
A036200,유니셈,KOSDAQ,"6,000",50,0.84%,"5,980","6,050","5,980","9,079","54,666,030",N
A338840,와이바이오로직스,KOSDAQ,"7,530",70,0.92%,"8,060","8,060","7,330","7,291","54,391,410",N
A147830,제룡산업,KOSDAQ,"5,840",0,0%,"5,890","5,890","5,830","9,245","54,069,010",N
A068290,삼성출판사,KOSPI,"16,300",110,0.68%,"16,400","16,610","16,190","3,232","52,809,860",N
A007810,코리아써키트,KOSPI,"10,360",100,0.97%,"10,220","10,400","10,200","5,078","52,292,360",N
A003960,사조대림,KOSPI,"37,850",200,0.53%,"37,850","38,450","37,850","1,366","52,063,450",N
A009900,명신산업,KOSPI,"8,030",70,0.86%,"8,010","8,140","7,990","6,432","51,844,280",N
A101160,월덱스,KOSDAQ,"17,550",100,0.57%,"17,450","17,660","17,450","2,930","51,508,240",N
A006120,SK디스커버리,KOSPI,"41,400",450,1.08%,"41,850","41,850","41,300","1,237","51,128,750",N
A007310,오뚜기,KOSPI,"404,500","2,500",0.62%,"402,000","409,000","401,000",125,"50,528,000",N
A001820,삼화콘덴서,KOSPI,"24,850",300,1.22%,"24,550","25,200","24,550","2,021","50,338,525",N
A192650,드림텍,KOSPI,"6,250",140,2.19%,"6,340","6,390","6,250","7,883","49,534,420",N
A452280,한선엔지니어링,KOSDAQ,"6,630",20,0.30%,"6,600","6,670","6,560","7,470","49,448,910",N
A038500,삼표시멘트,KOSDAQ,"3,135",20,0.64%,"3,130","3,140","3,110","15,800","49,320,000",N
A099440,스맥,KOSDAQ,"2,700",20,0.74%,"2,690","2,745","2,675","18,152","49,123,085",N
A111770,영원무역,KOSPI,"46,550",950,2%,"47,050","48,800","46,550","1,028","48,864,400",N
A078160,메디포스트,KOSDAQ,"8,740",240,2.67%,"9,000","9,090","8,610","5,323","47,167,400",N
A046890,서울반도체,KOSDAQ,"6,700",70,1.06%,"6,640","6,700","6,640","6,988","46,663,870",N
A053690,한미글로벌,KOSPI,"15,970",150,0.93%,"16,120","16,120","15,850","2,920","46,635,835",N
A003240,태광산업,KOSPI,"751,000","6,000",0.81%,"759,000","759,000","737,000",62,"46,192,000",N
A293780,압타바이오,KOSDAQ,"7,070",90,1.26%,"7,080","7,330","6,990","6,545","46,136,040",N
A049070,인탑스,KOSDAQ,"16,060",30,0.19%,"16,010","16,160","16,000","2,812","45,087,520",N
A069080,웹젠,KOSDAQ,"13,860",120,0.87%,"13,740","14,080","13,500","3,186","44,238,160",N
A265520,AP시스템,KOSDAQ,"17,140",90,0.53%,"17,010","17,300","17,000","2,569","43,939,800",N
A006620,동구바이오제약,KOSDAQ,"5,290",60,1.12%,"5,400","5,400","5,230","8,225","43,320,130",N
A402490,그린리소스,KOSDAQ,"13,270",50,0.38%,"13,890","13,890","13,220","3,233","43,077,970",N
A365340,성일하이텍,KOSDAQ,"33,200",200,0.60%,"33,400","33,900","33,000","1,274","42,572,500",N
A000370,한화손해보험,KOSPI,"4,000",35,0.87%,"4,035","4,035","3,980","10,591","42,372,185",N
A322510,제이엘케이,KOSDAQ,"7,130",10,0.14%,"7,120","7,170","7,030","5,912","41,955,290",N
A243840,신흥에스이씨,KOSDAQ,"4,275",15,0.35%,"4,320","4,330","4,220","9,621","41,330,745",N
A013890,지누스,KOSPI,"17,800",90,0.51%,"17,440","17,800","17,420","2,322","41,077,640",N
A033160,엠케이전자,KOSDAQ,"7,520",100,1.35%,"7,470","7,530","7,400","5,489","40,904,520",N
A001750,한양증권,KOSPI,"13,550",30,0.22%,"14,000","14,300","13,400","3,010","40,539,570",N
A092870,엑시콘,KOSDAQ,"10,290",40,0.39%,"10,250","10,380","10,200","3,910","40,209,880",N
A053610,프로텍,KOSDAQ,"24,550",100,0.41%,"24,700","24,800","24,200","1,626","39,927,900",N
A078350,한양디지텍,KOSDAQ,"9,890",50,0.51%,"9,840","9,950","9,740","3,992","39,470,380",N
A114810,한솔아이원스,KOSDAQ,"7,710",70,0.90%,"7,800","7,800","7,700","5,066","39,088,340",N
A016610,DB증권,KOSPI,"6,340",30,0.47%,"6,370","6,380","6,300","6,118","38,777,810",N
A351870,차이커뮤니케이션,KOSDAQ,"8,120",80,1%,"8,450","8,450","8,080","4,757","38,578,090",N
A012750,에스원,KOSPI,"63,700",800,1.24%,"64,500","66,900","63,700",584,"38,314,400",N
A091120,이엠텍,KOSDAQ,"12,000",110,0.91%,"12,320","12,320","12,000","3,171","38,249,255",N
A016380,KG스틸,KOSPI,"5,800",50,0.85%,"5,860","5,880","5,800","6,547","38,184,570",N
A025540,한국단자,KOSPI,"64,000","1,200",1.84%,"65,400","65,400","64,000",594,"38,160,800",N
A091700,파트론,KOSDAQ,"6,660",60,0.89%,"6,720","6,720","6,600","5,738","38,125,200",N
A036540,SFA반도체,KOSDAQ,"3,040",35,1.16%,"3,045","3,045","3,005","12,489","37,822,365",N
A030960,양지사,KOSDAQ,"8,600",20,0.23%,"8,620","8,730","8,570","4,235","36,523,960",N
A215000,골프존,KOSDAQ,"63,900",500,0.78%,"64,500","64,600","63,600",564,"36,037,200",N
A460860,동국제강,KOSPI,"9,170",60,0.66%,"9,100","9,240","9,090","3,908","35,844,730",N
A060720,KH바텍,KOSDAQ,"9,260",40,0.43%,"9,380","9,400","9,230","3,857","35,762,300",N
A377450,리파인,KOSDAQ,"12,010",110,0.91%,"12,150","12,170","12,010","2,969","35,719,900",N
A305090,마이크로디지탈,KOSDAQ,"9,140",360,3.79%,"9,510","9,530","9,140","3,818","35,478,850",N
A137310,에스디바이오센서,KOSPI,"9,480",10,0.11%,"9,490","9,630","9,360","3,635","34,668,490",N
A005300,롯데칠성,KOSPI,"110,100",800,0.73%,"110,900","110,900","109,400",313,"34,441,700",N
A334970,프레스티지바이오로직스,KOSDAQ,"3,930",185,4.50%,"4,125","4,125","3,910","8,687","34,408,385",N
A451760,컨텍,KOSDAQ,"10,150",180,1.81%,"9,990","10,150","9,990","3,376","34,079,310",N
A003920,남양유업,KOSPI,"78,800",400,0.51%,"78,900","79,100","78,400",411,"32,436,700",N
A271940,일진하이솔루스,KOSPI,"13,200",130,0.98%,"13,500","13,500","13,200","2,440","32,391,600",N
A459100,위츠,KOSDAQ,"7,040",40,0.57%,"7,580","7,580","6,980","4,581","32,277,860",N
A000440,중앙에너비스,KOSDAQ,"13,450",50,0.37%,"13,570","13,710","13,430","2,370","32,212,690",N
A005250,녹십자홀딩스,KOSPI,"13,800",100,0.72%,"13,800","14,100","13,800","2,307","32,043,280",N
A458870,씨어스테크놀로지,KOSDAQ,"13,050",50,0.38%,"13,000","13,050","12,710","2,485","32,028,170",N
A348150,고바이오랩,KOSDAQ,"4,960",35,0.70%,"4,995","5,240","4,920","6,268","31,300,065",N
A081660,미스토홀딩스,KOSPI,"37,650",400,1.05%,"37,550","39,150","37,500",815,"31,257,150",N
A114190,강원에너지,KOSDAQ,"6,930",120,1.70%,"7,170","7,170","6,920","4,476","31,204,110",N
A003000,부광약품,KOSPI,"3,935",60,1.50%,"3,995","4,000","3,925","7,706","30,469,120",N
A069960,현대백화점,KOSPI,"59,800",400,0.67%,"60,900","61,600","58,500",508,"30,423,800",N
A009970,영원무역홀딩스,KOSPI,"96,800","1,300",1.36%,"97,100","98,300","96,300",312,"30,226,800",N
A381970,케이카,KOSPI,"13,990",80,0.57%,"14,070","14,100","13,960","2,150","30,090,260",N
A382840,원준,KOSDAQ,"9,100",40,0.44%,"9,100","9,150","9,080","3,260","29,636,030",N
A138490,코오롱ENP,KOSPI,"6,220",70,1.14%,"6,160","6,230","6,120","4,772","29,495,530",N
A001430,세아베스틸지주,KOSPI,"17,830",180,1.02%,"17,670","18,090","17,340","1,650","29,430,550",N
A043150,바텍,KOSDAQ,"20,000",50,0.25%,"20,100","20,100","19,980","1,462","29,241,965",N
A001740,SK네트웍스,KOSPI,"4,225",5,0.12%,"4,205","4,260","4,180","6,883","29,049,640",N
A278280,천보,KOSDAQ,"35,300",450,1.26%,"35,800","36,300","35,300",813,"29,015,200",N
A443250,레뷰코퍼레이션,KOSDAQ,"12,770",100,0.79%,"13,400","13,470","12,580","2,248","28,498,200",N
A000670,영풍,KOSPI,"36,000",100,0.28%,"36,850","36,850","35,650",786,"28,386,400",N
A126560,현대퓨처넷,KOSPI,"2,855",5,0.18%,"2,880","2,890","2,850","9,644","27,622,225",N
A110990,디아이티,KOSDAQ,"12,980",170,1.33%,"12,930","12,980","12,720","2,082","26,938,360",N
A053080,케이엔솔,KOSDAQ,"11,630",200,1.75%,"11,550","11,640","11,480","2,245","26,010,660",N
A004380,삼익THK,KOSPI,"9,860",10,0.10%,"9,710","9,900","9,550","2,615","25,717,250",N
A297090,씨에스베어링,KOSDAQ,"5,880",40,0.68%,"5,920","6,000","5,850","4,265","25,211,570",N
A040300,YTN,KOSDAQ,"3,180",10,0.32%,"3,195","3,195","3,165","7,917","25,119,495",N
A282880,코윈테크,KOSDAQ,"12,810",20,0.16%,"12,830","12,950","12,750","1,954","24,979,220",N
A297890,HB솔루션,KOSDAQ,"2,420",5,0.21%,"2,425","2,440","2,410","10,308","24,923,550",N
A190510,나무가,KOSDAQ,"12,890",110,0.85%,"13,180","13,180","12,830","1,901","24,536,810",N
A063160,종근당바이오,KOSPI,"22,050",800,3.50%,"22,600","22,600","22,000","1,094","24,295,950",N
A007160,사조산업,KOSPI,"36,050",300,0.84%,"35,750","36,250","35,500",674,"24,161,350",N
A009290,광동제약,KOSPI,"5,510",20,0.36%,"5,490","5,630","5,470","4,316","23,816,660",N
A452200,민테크,KOSDAQ,"4,045",35,0.87%,"4,050","4,100","3,960","5,864","23,776,460",N
A082850,우리바이오,KOSDAQ,"2,255",5,0.22%,"2,315","2,315","2,245","10,514","23,722,217",N
A003580,HLB글로벌,KOSPI,"3,080",45,1.44%,"3,130","3,190","2,985","7,770","23,671,265",N
A317690,퀀타매트릭스,KOSDAQ,"3,615",20,0.55%,"3,650","3,660","3,570","6,288","22,678,755",N
A339770,교촌에프앤비,KOSPI,"5,360",0,0%,"5,380","5,550","5,350","4,172","22,489,470",N
A101530,해태제과식품,KOSPI,"6,960",80,1.14%,"7,070","7,080","6,810","3,239","22,353,280",N
A054210,이랜텍,KOSDAQ,"5,040",50,1%,"5,040","5,040","5,000","4,394","22,055,760",N
A069260,TKG휴켐스,KOSPI,"16,230",0,0%,"16,210","16,250","16,120","1,361","22,050,450",N
A396270,넥스트칩,KOSDAQ,"6,910",0,0%,"7,230","7,230","6,880","3,119","21,646,720",N
A286940,롯데이노베이트,KOSPI,"19,000",180,0.96%,"18,820","19,040","18,720","1,144","21,643,780",N
A425040,티이엠씨,KOSDAQ,"6,510",80,1.21%,"6,580","6,590","6,310","3,178","20,715,290",N
A038290,마크로젠,KOSDAQ,"16,000",70,0.44%,"16,070","16,200","15,850","1,300","20,630,950",N
A145170,노브랜드,KOSDAQ,"5,400",0,0%,"5,590","5,590","5,380","3,794","20,503,230",N
A102460,이연제약,KOSPI,"11,000",210,1.87%,"10,830","11,230","10,800","1,824","20,088,420",N
A290550,디케이티,KOSDAQ,"7,000",0,0%,"7,100","7,100","6,960","2,801","19,568,750",N
A036830,솔브레인홀딩스,KOSDAQ,"31,250",350,1.11%,"31,850","31,850","31,200",610,"19,231,250",N
A089890,코세스,KOSDAQ,"7,260",130,1.82%,"7,130","7,340","7,130","2,632","19,083,320",N
A396470,워트,KOSDAQ,"7,440",120,1.64%,"7,320","7,450","7,290","2,528","18,596,320",N
A060250,NHN KCP,KOSDAQ,"7,670",40,0.52%,"7,730","7,800","7,630","2,369","18,182,350",N
A003720,삼영,KOSPI,"4,050",50,1.25%,"4,010","4,090","4,010","4,441","17,960,400",N
A039860,나노엔텍,KOSDAQ,"3,380",40,1.17%,"3,430","3,430","3,335","5,291","17,775,180",N
A252990,샘씨엔에스,KOSDAQ,"4,665",45,0.97%,"4,685","4,685","4,615","3,802","17,638,500",N
A029960,코엔텍,KOSDAQ,"8,920",0,0%,"8,920","8,930","8,920","1,957","17,464,970",N
A118990,모트렉스,KOSDAQ,"8,470",10,0.12%,"8,500","8,590","8,460","2,027","17,269,740",N
A025770,한국정보통신,KOSDAQ,"7,700",30,0.39%,"7,750","7,990","7,700","2,193","17,103,630",N
A123410,코리아에프티,KOSDAQ,"4,540",60,1.30%,"4,670","4,670","4,540","3,616","16,582,555",N
A025860,남해화학,KOSPI,"6,780",20,0.30%,"6,740","6,820","6,700","2,440","16,572,630",N
A267980,매일유업,KOSDAQ,"37,450",0,0%,"37,500","37,850","37,350",430,"16,135,900",N
A033240,자화전자,KOSPI,"11,780",40,0.34%,"11,860","11,900","11,690","1,353","15,926,330",N
A064290,인텍플러스,KOSDAQ,"9,620",180,1.84%,"9,900","9,940","9,600","1,584","15,411,560",N
A010780,아이에스동서,KOSPI,"18,440",240,1.32%,"18,200","18,440","18,160",829,"15,184,300",N
A035600,KG이니시스,KOSDAQ,"8,710",0,0%,"8,800","8,960","8,700","1,741","15,167,040",N
A105630,한세실업,KOSPI,"11,040",160,1.43%,"11,100","11,290","11,040","1,357","15,069,330",N
A033640,네패스,KOSDAQ,"6,920",60,0.87%,"6,870","7,000","6,870","2,170","15,042,080",N
A053280,예스24,KOSDAQ,"4,220",25,0.59%,"4,240","4,245","4,200","3,477","14,666,480",N
A432470,케이엔에스,KOSDAQ,"10,480",170,1.60%,"10,650","10,750","10,480","1,389","14,646,130",N
A005950,이수화학,KOSPI,"5,590",20,0.36%,"5,630","5,630","5,580","2,536","14,231,750",N
A460850,동국씨엠,KOSPI,"6,170",60,0.96%,"6,350","6,350","6,150","2,279","14,118,300",N
A079430,현대리바트,KOSPI,"7,320",60,0.83%,"7,280","7,350","7,280","1,895","13,853,320",N
A005090,SGC에너지,KOSPI,"23,050",50,0.22%,"23,200","23,250","23,000",600,"13,841,750",N
A009300,삼아제약,KOSDAQ,"16,830",160,0.94%,"16,990","16,990","16,830",821,"13,831,990",N
A002900,TYM,KOSPI,"4,375",80,1.80%,"4,455","4,455","4,375","2,964","13,050,180",N
A014820,동원시스템즈,KOSPI,"32,750",300,0.91%,"32,950","33,500","32,500",393,"12,882,800",N
A030190,NICE평가정보,KOSPI,"12,680",160,1.25%,"12,830","12,830","12,530","1,021","12,862,280",N
A234340,헥토파이낸셜,KOSDAQ,"13,720",150,1.08%,"13,870","13,870","13,710",868,"11,918,530",N
A307750,국전약품,KOSDAQ,"3,165",30,0.94%,"3,195","3,200","3,100","3,781","11,909,710",N
A011810,STX,KOSPI,"3,430",0,0%,"3,430","3,490","3,405","3,448","11,841,275",N
A085670,뉴프렉스,KOSDAQ,"4,600",10,0.22%,"4,690","4,690","4,555","2,561","11,789,545",N
A047310,파워로직스,KOSDAQ,"4,600",0,0%,"4,585","4,600","4,565","2,537","11,626,860",N
A383800,LX홀딩스,KOSPI,"6,560",20,0.31%,"6,540","6,570","6,510","1,767","11,573,590",N
A051370,인터플렉스,KOSDAQ,"8,260",90,1.08%,"8,400","8,400","8,250","1,368","11,313,540",N
A108670,LX하우시스,KOSPI,"29,100",50,0.17%,"29,100","29,150","29,000",355,"10,320,500",N
A000390,삼화페인트,KOSPI,"5,980",0,0%,"5,980","6,030","5,960","1,727","10,304,100",N
A039560,다산네트웍스,KOSDAQ,"2,750",10,0.36%,"2,760","2,780","2,715","3,604","9,880,650",N
A210980,SK디앤디,KOSPI,"8,940",10,0.11%,"8,990","9,020","8,890","1,077","9,647,200",N
A052260,현대바이오랜드,KOSDAQ,"4,270",55,1.27%,"4,320","4,325","4,265","2,180","9,363,200",N
A036560,KZ정밀,KOSDAQ,"11,920",30,0.25%,"12,000","12,000","11,700",770,"9,145,750",N
A123860,아나패스,KOSDAQ,"19,410",70,0.36%,"19,520","19,600","19,350",415,"8,069,540",N
A125210,아모그린텍,KOSDAQ,"5,680",40,0.70%,"5,610","5,800","5,610","1,417","8,056,405",N
A181710,NHN,KOSPI,"21,900",100,0.45%,"22,000","22,100","21,850",339,"7,458,500",N
A089970,브이엠,KOSDAQ,"11,760",140,1.18%,"11,880","11,880","11,740",621,"7,323,300",N
A004360,세방,KOSPI,"11,350",120,1.05%,"11,320","11,460","11,320",642,"7,321,540",N
A417010,나노팀,KOSDAQ,"6,200",70,1.12%,"6,270","6,270","6,180","1,177","7,310,640",N
A045970,코아시아,KOSDAQ,"3,090",15,0.49%,"3,020","3,135","3,020","2,329","7,227,985",N
A000640,동아쏘시오홀딩스,KOSPI,"100,000",100,0.10%,"99,000","100,300","99,000",70,"6,977,300",N
A002840,미원상사,KOSPI,"190,000",800,0.42%,"193,700","193,700","190,000",34,"6,523,900",N
A007700,F&F홀딩스,KOSPI,"12,400",140,1.12%,"11,100","12,870","11,100",520,"6,509,770",N
A084010,대한제강,KOSPI,"15,470",20,0.13%,"15,440","15,540","15,310",416,"6,447,140",N
A146320,비씨엔씨,KOSDAQ,"8,250",30,0.36%,"8,350","8,390","8,250",743,"6,141,250",N
A032300,한국파마,KOSDAQ,"14,210",160,1.11%,"14,370","14,390","14,130",322,"4,592,140",N
A377740,바이오노트,KOSPI,"4,550",30,0.66%,"4,520","4,565","4,520","1,007","4,579,755",N
A418470,밀리의서재,KOSDAQ,"12,540",10,0.08%,"12,970","12,970","12,450",344,"4,322,080",N
A035080,그래디언트,KOSDAQ,"13,580",130,0.97%,"13,350","13,580","13,350",301,"4,039,010",N
A060590,씨티씨바이오,KOSDAQ,"6,890",0,0%,"6,890","6,900","6,810",457,"3,119,760",N
A035150,백산,KOSPI,"14,170",110,0.77%,"14,230","14,230","14,110",212,"3,005,080",N
A057050,현대홈쇼핑,KOSPI,"49,500",700,1.43%,"49,200","49,650","48,750",55,"2,693,700",N
A273640,와이엠텍,KOSDAQ,"9,830",30,0.31%,"9,800","9,840","9,780",257,"2,520,130",N
A336680,탑런토탈솔루션,KOSDAQ,"8,390",10,0.12%,"8,320","8,400","8,260",265,"2,214,280",N
A016450,한세예스24홀딩스,KOSPI,"3,730",30,0.80%,"3,730","3,750","3,720",575,"2,142,850",N
A371950,풍원정밀,KOSDAQ,"12,110",20,0.16%,"12,600","12,600","12,020",172,"2,095,230",N
A003070,코오롱글로벌,KOSPI,"8,680",30,0.35%,"8,570","8,680","8,550",199,"1,709,490",N
A046210,HLB파나진,KOSDAQ,"1,961",10,0.51%,"1,971","1,992","1,961",259,"510,599",N
A298000,효성화학,KOSPI,0,0,0%,0,0,0,0,0,Y
A003620,KG모빌리티,KOSPI,0,0,0%,0,0,0,0,0,Y
